id,date,id_site,site,id_ad_unit,ad_unit,impressions,clicks,ctr,earnings,earnings_client,ecpm,ecpm_client,active_view_viewable,id_url,url,status_payment,created_at,updated_at
24593,2019-05-30,21822281755,portaldasatualidades.com,21822282049,PortalDasAtualidades_mWEB_Content_Horiontal_F,11,0,0.00,0.01,0.01,0.73,0.59,36.36,NULL,NULL,1,"2019-08-30 19:25:46","2019-07-24 09:06:57"
24594,2019-05-30,21822281755,portaldasatualidades.com,21822331989,PortalDasAtualidades_Web_Content_Square_Middl,10,0,0.00,0.04,0.03,3.65,2.92,40.00,NULL,NULL,1,"2019-08-30 19:25:46","2019-07-24 09:06:57"
24595,2019-05-30,21822281755,portaldasatualidades.com,21822332010,PortalDasAtualidades_Web_Content_Square_Botto,8,0,0.00,0.03,0.02,3.54,2.83,0.00,NULL,NULL,1,"2019-08-30 19:25:46","2019-07-24 09:06:57"
24596,2019-05-30,21822281755,portaldasatualidades.com,21822332760,PortalDasAtualidades_Web_Content_Square_Top,11,0,0.00,0.08,0.06,6.92,5.53,72.73,NULL,NULL,1,"2019-08-30 19:25:46","2019-07-24 09:06:57"
24704,2019-05-31,21822281755,portaldasatualidades.com,21822282049,PortalDasAtualidades_mWEB_Content_Horiontal_F,27,0,0.00,0.01,0.01,0.48,0.38,11.11,NULL,NULL,1,"2019-08-30 19:25:46","2019-07-24 09:06:57"
24705,2019-05-31,21822281755,portaldasatualidades.com,21822331989,PortalDasAtualidades_Web_Content_Square_Middl,13,0,0.00,0.03,0.02,2.37,1.90,38.46,NULL,NULL,1,"2019-08-30 19:25:46","2019-07-24 09:06:57"
24706,2019-05-31,21822281755,portaldasatualidades.com,21822332010,PortalDasAtualidades_Web_Content_Square_Botto,9,0,0.00,0.01,0.01,1.52,1.22,55.56,NULL,NULL,1,"2019-08-30 19:25:46","2019-07-24 09:06:57"
24707,2019-05-31,21822281755,portaldasatualidades.com,21822332760,PortalDasAtualidades_Web_Content_Square_Top,17,0,0.00,0.08,0.06,4.50,3.60,82.35,NULL,NULL,1,"2019-08-30 19:25:46","2019-07-24 09:06:57"
24830,2019-06-01,21822281755,portaldasatualidades.com,21822282049,PortalDasAtualidades_mWEB_Content_Horiontal_F,5,0,0.00,0.00,0.00,0.28,0.22,0.00,NULL,NULL,1,"2019-08-30 19:25:46","2019-07-24 09:06:57"
24831,2019-06-01,21822281755,portaldasatualidades.com,21822331989,PortalDasAtualidades_Web_Content_Square_Middl,3,0,0.00,0.01,0.00,1.88,1.51,0.00,NULL,NULL,1,"2019-08-30 19:25:46","2019-07-24 09:06:57"
24832,2019-06-01,21822281755,portaldasatualidades.com,21822332010,PortalDasAtualidades_Web_Content_Square_Botto,2,0,0.00,0.00,0.00,0.01,0.01,0.00,NULL,NULL,1,"2019-08-30 19:25:46","2019-07-24 09:06:57"
24833,2019-06-01,21822281755,portaldasatualidades.com,21822332760,PortalDasAtualidades_Web_Content_Square_Top,3,0,0.00,0.01,0.01,3.25,2.60,66.67,NULL,NULL,1,"2019-08-30 19:25:46","2019-07-24 09:06:57"
24963,2019-06-02,21822281755,portaldasatualidades.com,21822282049,PortalDasAtualidades_mWEB_Content_Horiontal_F,2,0,0.00,0.00,0.00,0.11,0.09,0.00,NULL,NULL,1,"2019-08-30 19:25:46","2019-07-24 09:06:58"
24964,2019-06-02,21822281755,portaldasatualidades.com,21822331989,PortalDasAtualidades_Web_Content_Square_Middl,1,0,0.00,0.00,0.00,0.11,0.09,0.00,NULL,NULL,1,"2019-08-30 19:25:46","2019-07-24 09:06:58"
24965,2019-06-02,21822281755,portaldasatualidades.com,21822332760,PortalDasAtualidades_Web_Content_Square_Top,1,0,0.00,0.00,0.00,0.14,0.11,100.00,NULL,NULL,1,"2019-08-30 19:25:46","2019-07-24 09:06:58"
25102,2019-06-03,21822281755,portaldasatualidades.com,21822282049,PortalDasAtualidades_mWEB_Content_Horiontal_F,7,0,0.00,0.00,0.00,0.35,0.28,42.86,NULL,NULL,1,"2019-08-30 19:25:46","2019-07-24 09:06:58"
25103,2019-06-03,21822281755,portaldasatualidades.com,21822331989,PortalDasAtualidades_Web_Content_Square_Middl,3,0,0.00,0.02,0.01,5.20,4.16,0.00,NULL,NULL,1,"2019-08-30 19:25:46","2019-07-24 09:06:58"
25104,2019-06-03,21822281755,portaldasatualidades.com,21822332010,PortalDasAtualidades_Web_Content_Square_Botto,1,0,0.00,0.01,0.01,7.09,5.67,0.00,NULL,NULL,1,"2019-08-30 19:25:46","2019-07-24 09:06:58"
25105,2019-06-03,21822281755,portaldasatualidades.com,21822332760,PortalDasAtualidades_Web_Content_Square_Top,3,0,0.00,0.06,0.05,20.14,16.11,100.00,NULL,NULL,1,"2019-08-30 19:25:46","2019-07-24 09:06:58"
25243,2019-06-04,21822281755,portaldasatualidades.com,21822282049,PortalDasAtualidades_mWEB_Content_Horiontal_F,7,0,0.00,0.00,0.00,0.29,0.23,14.29,NULL,NULL,1,"2019-08-30 19:25:46","2019-07-24 09:06:58"
25244,2019-06-04,21822281755,portaldasatualidades.com,21822331989,PortalDasAtualidades_Web_Content_Square_Middl,4,0,0.00,0.01,0.00,1.54,1.23,50.00,NULL,NULL,1,"2019-08-30 19:25:46","2019-07-24 09:06:58"
25245,2019-06-04,21822281755,portaldasatualidades.com,21822332010,PortalDasAtualidades_Web_Content_Square_Botto,3,0,0.00,0.00,0.00,0.60,0.48,33.33,NULL,NULL,1,"2019-08-30 19:25:46","2019-07-24 09:06:58"
25246,2019-06-04,21822281755,portaldasatualidades.com,21822332760,PortalDasAtualidades_Web_Content_Square_Top,8,0,0.00,0.03,0.02,3.20,2.56,37.50,NULL,NULL,1,"2019-08-30 19:25:46","2019-07-24 09:06:58"
25391,2019-06-05,21822281755,portaldasatualidades.com,21822282049,PortalDasAtualidades_mWEB_Content_Horiontal_F,47,0,0.00,0.02,0.02,0.43,0.43,42.55,NULL,NULL,1,"2019-09-04 00:42:08","2019-07-24 09:06:59"
25392,2019-06-05,21822281755,portaldasatualidades.com,21822331989,PortalDasAtualidades_Web_Content_Square_Middl,35,0,0.00,0.09,0.07,2.57,2.00,34.29,NULL,NULL,1,"2019-09-04 00:42:08","2019-07-24 09:06:59"
25393,2019-06-05,21822281755,portaldasatualidades.com,21822332010,PortalDasAtualidades_Web_Content_Square_Botto,22,0,0.00,0.05,0.04,2.27,1.82,31.82,NULL,NULL,1,"2019-09-04 00:42:08","2019-07-24 09:06:59"
25394,2019-06-05,21822281755,portaldasatualidades.com,21822332760,PortalDasAtualidades_Web_Content_Square_Top,41,0,0.00,0.25,0.20,6.10,4.88,73.17,NULL,NULL,1,"2019-09-04 00:42:08","2019-07-24 09:06:59"
25536,2019-06-06,21822281755,portaldasatualidades.com,21822282049,PortalDasAtualidades_mWEB_Content_Horiontal_F,87,0,0.00,0.02,0.01,0.23,0.11,14.94,NULL,NULL,1,"2019-09-04 00:42:10","2019-07-24 09:06:59"
25537,2019-06-06,21822281755,portaldasatualidades.com,21822331989,PortalDasAtualidades_Web_Content_Square_Middl,73,0,0.00,0.15,0.12,2.05,1.64,16.44,NULL,NULL,1,"2019-09-04 00:42:10","2019-07-24 09:06:59"
25538,2019-06-06,21822281755,portaldasatualidades.com,21822332010,PortalDasAtualidades_Web_Content_Square_Botto,46,0,0.00,0.06,0.05,1.30,1.09,10.87,NULL,NULL,1,"2019-09-04 00:42:10","2019-07-24 09:06:59"
25539,2019-06-06,21822281755,portaldasatualidades.com,21822332760,PortalDasAtualidades_Web_Content_Square_Top,37,0,0.00,0.22,0.17,5.95,4.59,70.27,NULL,NULL,1,"2019-09-04 00:42:10","2019-07-24 09:06:59"
25692,2019-06-07,21822281755,portaldasatualidades.com,21822282049,PortalDasAtualidades_mWEB_Content_Horiontal_F,23,0,0.00,0.01,0.00,0.43,0.00,21.74,NULL,NULL,1,"2019-09-04 00:42:12","2019-07-24 09:07:00"
25693,2019-06-07,21822281755,portaldasatualidades.com,21822331989,PortalDasAtualidades_Web_Content_Square_Middl,22,0,0.00,0.06,0.05,2.73,2.27,45.45,NULL,NULL,1,"2019-09-04 00:42:12","2019-07-24 09:07:00"
25694,2019-06-07,21822281755,portaldasatualidades.com,21822332010,PortalDasAtualidades_Web_Content_Square_Botto,17,0,0.00,0.04,0.03,2.35,1.76,35.29,NULL,NULL,1,"2019-09-04 00:42:12","2019-07-24 09:07:00"
25695,2019-06-07,21822281755,portaldasatualidades.com,21822332760,PortalDasAtualidades_Web_Content_Square_Top,2,0,0.00,0.00,0.00,2.01,1.61,0.00,NULL,NULL,1,"2019-08-30 19:25:46","2019-07-24 09:07:00"
25857,2019-06-08,21822281755,portaldasatualidades.com,21822282049,PortalDasAtualidades_mWEB_Content_Horiontal_F,13,0,0.00,0.01,0.01,0.77,0.77,30.77,NULL,NULL,1,"2019-09-04 00:42:14","2019-07-24 09:07:01"
25858,2019-06-08,21822281755,portaldasatualidades.com,21822331989,PortalDasAtualidades_Web_Content_Square_Middl,14,0,0.00,0.01,0.01,0.71,0.71,35.71,NULL,NULL,1,"2019-09-04 00:42:14","2019-07-24 09:07:01"
25859,2019-06-08,21822281755,portaldasatualidades.com,21822332010,PortalDasAtualidades_Web_Content_Square_Botto,8,0,0.00,0.00,0.00,0.53,0.43,25.00,NULL,NULL,1,"2019-08-30 19:25:46","2019-07-24 09:07:01"
25860,2019-06-08,21822281755,portaldasatualidades.com,21822332760,PortalDasAtualidades_Web_Content_Square_Top,1,0,0.00,0.00,0.00,1.07,0.86,0.00,NULL,NULL,1,"2019-08-30 19:25:46","2019-07-24 09:07:01"
26007,2019-06-09,21822281755,portaldasatualidades.com,21822282049,PortalDasAtualidades_mWEB_Content_Horiontal_F,2,0,0.00,0.00,0.00,0.23,0.18,0.00,NULL,NULL,1,"2019-08-30 19:25:46","2019-07-24 09:07:01"
26008,2019-06-09,21822281755,portaldasatualidades.com,21822331989,PortalDasAtualidades_Web_Content_Square_Middl,2,0,0.00,0.01,0.00,5.00,0.00,0.00,NULL,NULL,1,"2019-09-04 00:42:15","2019-07-24 09:07:01"
26167,2019-06-10,21822281755,portaldasatualidades.com,21822282049,PortalDasAtualidades_mWEB_Content_Horiontal_F,354,4,0.01,1.28,1.03,3.62,2.91,69.77,NULL,NULL,1,"2019-09-04 00:42:17","2019-07-24 09:07:02"
26168,2019-06-10,21822281755,portaldasatualidades.com,21822331989,PortalDasAtualidades_Web_Content_Square_Middl,357,2,0.01,2.18,1.75,6.11,4.90,33.05,NULL,NULL,1,"2019-09-04 00:42:17","2019-07-24 09:07:02"
26169,2019-06-10,21822281755,portaldasatualidades.com,21822332010,PortalDasAtualidades_Web_Content_Square_Botto,161,1,0.01,0.65,0.52,4.04,3.23,33.54,NULL,NULL,1,"2019-09-04 00:42:17","2019-07-24 09:07:02"
26364,2019-06-11,21822281755,portaldasatualidades.com,21822282049,PortalDasAtualidades_mWEB_Content_Horiontal_F,24565,432,0.02,229.74,183.79,9.35,7.48,86.56,NULL,NULL,1,"2019-09-04 00:42:19","2019-07-24 09:07:02"
26365,2019-06-11,21822281755,portaldasatualidades.com,21822331989,PortalDasAtualidades_Web_Content_Square_Middl,29328,985,0.03,417.13,333.71,14.22,11.38,42.46,NULL,NULL,1,"2019-09-04 00:42:20","2019-07-24 09:07:02"
26366,2019-06-11,21822281755,portaldasatualidades.com,21822332010,PortalDasAtualidades_Web_Content_Square_Botto,13708,2343,0.17,392.50,314.00,28.63,22.91,72.18,NULL,NULL,1,"2019-09-04 00:42:19","2019-07-24 09:07:02"
26559,2019-06-12,21822281755,portaldasatualidades.com,21822282049,PortalDasAtualidades_mWEB_Content_Horiontal_F,263934,4485,0.02,1574.92,1259.94,5.97,4.77,86.38,NULL,NULL,1,"2019-09-04 00:42:22","2019-07-24 09:07:03"
26560,2019-06-12,21822281755,portaldasatualidades.com,21822331989,PortalDasAtualidades_Web_Content_Square_Middl,300044,7640,0.03,4338.08,3470.47,14.46,11.57,39.00,NULL,NULL,1,"2019-09-04 00:42:22","2019-07-24 09:07:03"
26561,2019-06-12,21822281755,portaldasatualidades.com,21822332010,PortalDasAtualidades_Web_Content_Square_Botto,282347,21398,0.08,7152.06,5721.64,25.33,20.26,53.91,NULL,NULL,1,"2019-09-04 00:42:22","2019-07-24 09:07:03"
26759,2019-06-13,21822281755,portaldasatualidades.com,21822282049,PortalDasAtualidades_mWEB_Content_Horiontal_F,109084,2376,0.02,662.91,530.32,6.08,4.86,86.15,NULL,NULL,1,"2019-09-04 00:42:24","2019-07-24 09:07:04"
26760,2019-06-13,21822281755,portaldasatualidades.com,21822331989,PortalDasAtualidades_Web_Content_Square_Middl,112515,3946,0.04,1300.96,1040.77,11.56,9.25,39.65,NULL,NULL,1,"2019-09-04 00:42:24","2019-07-24 09:07:04"
26761,2019-06-13,21822281755,portaldasatualidades.com,21822332010,PortalDasAtualidades_Web_Content_Square_Botto,122103,9492,0.08,2723.92,2179.13,22.31,17.85,51.15,NULL,NULL,1,"2019-09-04 00:42:24","2019-07-24 09:07:04"
26951,2019-06-14,21822281755,portaldasatualidades.com,21822282049,PortalDasAtualidades_mWEB_Content_Horiontal_F,140640,3302,0.02,895.56,716.45,6.37,5.09,85.67,NULL,NULL,1,"2019-09-04 00:42:27","2019-07-24 09:07:05"
26952,2019-06-14,21822281755,portaldasatualidades.com,21822331989,PortalDasAtualidades_Web_Content_Square_Middl,156558,4682,0.03,2459.78,1967.82,15.71,12.57,39.12,NULL,NULL,1,"2019-09-04 00:42:27","2019-07-24 09:07:05"
26953,2019-06-14,21822281755,portaldasatualidades.com,21822332010,PortalDasAtualidades_Web_Content_Square_Botto,168584,12923,0.08,3876.65,3101.32,23.00,18.40,50.57,NULL,NULL,1,"2019-09-04 00:42:27","2019-07-24 09:07:05"
27145,2019-06-15,21822281755,portaldasatualidades.com,21822282049,PortalDasAtualidades_mWEB_Content_Horiontal_F,79816,1790,0.02,482.86,386.29,6.05,4.84,85.80,NULL,NULL,1,"2019-09-04 00:42:30","2019-07-24 09:07:06"
27146,2019-06-15,21822281755,portaldasatualidades.com,21822331989,PortalDasAtualidades_Web_Content_Square_Middl,82302,2491,0.03,1009.54,807.63,12.27,9.81,39.38,NULL,NULL,1,"2019-09-04 00:42:30","2019-07-24 09:07:06"
27147,2019-06-15,21822281755,portaldasatualidades.com,21822332010,PortalDasAtualidades_Web_Content_Square_Botto,89276,6700,0.08,1576.97,1261.58,17.66,14.13,51.00,NULL,NULL,1,"2019-09-04 00:42:30","2019-07-24 09:07:06"
27310,2019-06-16,21822281755,portaldasatualidades.com,21822282049,PortalDasAtualidades_mWEB_Content_Horiontal_F,24796,463,0.02,139.94,111.95,5.64,4.51,84.19,NULL,NULL,1,"2019-09-04 00:42:32","2019-07-24 09:07:06"
27311,2019-06-16,21822281755,portaldasatualidades.com,21822331989,PortalDasAtualidades_Web_Content_Square_Middl,24823,816,0.03,355.08,284.06,14.30,11.44,40.22,NULL,NULL,1,"2019-09-04 00:42:32","2019-07-24 09:07:06"
27312,2019-06-16,21822281755,portaldasatualidades.com,21822332010,PortalDasAtualidades_Web_Content_Square_Botto,27144,1768,0.07,559.45,447.56,20.61,16.49,49.56,NULL,NULL,1,"2019-09-04 00:42:32","2019-07-24 09:07:06"
27473,2019-06-17,21822281755,portaldasatualidades.com,21822282049,PortalDasAtualidades_mWEB_Content_Horiontal_F,157135,3086,0.02,549.79,439.83,3.50,2.80,86.96,NULL,NULL,1,"2019-09-04 00:42:34","2019-07-24 09:07:07"
27474,2019-06-17,21822281755,portaldasatualidades.com,21822331989,PortalDasAtualidades_Web_Content_Square_Middl,181929,4826,0.03,2522.55,2018.04,13.87,11.09,39.10,NULL,NULL,1,"2019-09-04 00:42:34","2019-07-24 09:07:07"
27475,2019-06-17,21822281755,portaldasatualidades.com,21822332010,PortalDasAtualidades_Web_Content_Square_Botto,196542,13643,0.07,5280.56,4224.45,26.87,21.49,49.96,NULL,NULL,1,"2019-09-04 00:42:34","2019-07-24 09:07:07"
27639,2019-06-18,21822281755,portaldasatualidades.com,21822282049,PortalDasAtualidades_mWEB_Content_Horiontal_F,107731,1520,0.01,40.37,32.30,0.37,0.30,92.03,NULL,NULL,1,"2019-09-04 00:42:37","2019-07-24 09:07:08"
27640,2019-06-18,21822281755,portaldasatualidades.com,21822331989,PortalDasAtualidades_Web_Content_Square_Middl,127894,3775,0.03,1452.12,1161.70,11.35,9.08,39.80,NULL,NULL,1,"2019-09-04 00:42:37","2019-07-24 09:07:08"
27641,2019-06-18,21822281755,portaldasatualidades.com,21822332010,PortalDasAtualidades_Web_Content_Square_Botto,138187,9722,0.07,3456.18,2764.95,25.01,20.01,50.20,NULL,NULL,1,"2019-09-04 00:42:37","2019-07-24 09:07:08"
27815,2019-06-19,21822281755,portaldasatualidades.com,21822282049,PortalDasAtualidades_mWEB_Content_Horiontal_F,129538,2236,0.02,73.75,59.00,0.57,0.46,97.48,NULL,NULL,1,"2019-09-04 00:42:39","2019-07-24 09:07:09"
27816,2019-06-19,21822281755,portaldasatualidades.com,21822331989,PortalDasAtualidades_Web_Content_Square_Middl,219927,3018,0.01,2393.33,1914.66,10.88,8.71,28.89,NULL,NULL,1,"2019-09-04 00:42:39","2019-07-24 09:07:09"
27817,2019-06-19,21822281755,portaldasatualidades.com,21822332010,PortalDasAtualidades_Web_Content_Square_Botto,234582,8417,0.04,6065.19,4852.15,25.86,20.68,42.36,NULL,NULL,1,"2019-09-04 00:42:39","2019-07-24 09:07:09"
27982,2019-06-20,21822281755,portaldasatualidades.com,21822282049,PortalDasAtualidades_mWEB_Content_Horiontal_F,52375,1065,0.02,37.23,29.79,0.71,0.57,96.21,NULL,NULL,1,"2019-09-04 00:42:42","2019-07-24 09:07:09"
27983,2019-06-20,21822281755,portaldasatualidades.com,21822331989,PortalDasAtualidades_Web_Content_Square_Middl,100478,1060,0.01,641.16,512.93,6.38,5.10,26.55,NULL,NULL,1,"2019-09-04 00:42:42","2019-07-24 09:07:09"
27984,2019-06-20,21822281755,portaldasatualidades.com,21822332010,PortalDasAtualidades_Web_Content_Square_Botto,107168,3531,0.03,1768.81,1415.05,16.51,13.20,40.21,NULL,NULL,1,"2019-09-04 00:42:42","2019-07-24 09:07:09"
28151,2019-06-21,21822281755,portaldasatualidades.com,21822282049,PortalDasAtualidades_mWEB_Content_Horiontal_F,13257,193,0.01,11.99,9.59,0.90,0.72,91.75,NULL,NULL,1,"2019-09-04 00:42:44","2019-07-24 09:07:10"
28152,2019-06-21,21822281755,portaldasatualidades.com,21822331989,PortalDasAtualidades_Web_Content_Square_Middl,22254,379,0.02,192.28,153.82,8.64,6.91,31.08,NULL,NULL,1,"2019-09-04 00:42:44","2019-07-24 09:07:10"
28153,2019-06-21,21822281755,portaldasatualidades.com,21822332010,PortalDasAtualidades_Web_Content_Square_Botto,24225,1053,0.04,450.45,360.36,18.59,14.88,44.02,NULL,NULL,1,"2019-09-04 00:42:44","2019-07-24 09:07:10"
28314,2019-06-22,21822281755,portaldasatualidades.com,21822282049,PortalDasAtualidades_mWEB_Content_Horiontal_F,7448,101,0.01,6.49,5.20,0.87,0.70,89.55,NULL,NULL,1,"2019-09-04 00:42:46","2019-07-24 09:07:11"
28315,2019-06-22,21822281755,portaldasatualidades.com,21822331989,PortalDasAtualidades_Web_Content_Square_Middl,11197,198,0.02,101.61,81.29,9.07,7.26,30.40,NULL,NULL,1,"2019-09-04 00:42:46","2019-07-24 09:07:11"
28316,2019-06-22,21822281755,portaldasatualidades.com,21822332010,PortalDasAtualidades_Web_Content_Square_Botto,12295,485,0.04,258.58,206.87,21.03,16.83,42.65,NULL,NULL,1,"2019-09-04 00:42:46","2019-07-24 09:07:11"
28477,2019-06-23,21822281755,portaldasatualidades.com,21822282049,PortalDasAtualidades_mWEB_Content_Horiontal_F,100892,2236,0.02,83.16,66.52,0.82,0.66,97.32,NULL,NULL,1,"2019-09-04 00:42:48","2019-07-24 09:07:12"
28478,2019-06-23,21822281755,portaldasatualidades.com,21822331989,PortalDasAtualidades_Web_Content_Square_Middl,200461,1726,0.01,931.41,745.13,4.65,3.72,24.47,NULL,NULL,1,"2019-09-04 00:42:49","2019-07-24 09:07:12"
28479,2019-06-23,21822281755,portaldasatualidades.com,21822332010,PortalDasAtualidades_Web_Content_Square_Botto,213165,6559,0.03,3204.30,2563.44,15.03,12.03,40.53,NULL,NULL,1,"2019-09-04 00:42:49","2019-07-24 09:07:12"
28637,2019-06-24,21822281755,portaldasatualidades.com,21822282049,PortalDasAtualidades_mWEB_Content_Horiontal_F,26932,413,0.02,20.89,16.71,0.78,0.62,92.83,NULL,NULL,1,"2019-09-04 00:42:51","2019-07-24 09:07:13"
28638,2019-06-24,21822281755,portaldasatualidades.com,21822331989,PortalDasAtualidades_Web_Content_Square_Middl,38798,1288,0.03,299.49,239.59,7.72,6.18,37.13,NULL,NULL,1,"2019-09-04 00:42:51","2019-07-24 09:07:13"
28639,2019-06-24,21822281755,portaldasatualidades.com,21822332010,PortalDasAtualidades_Web_Content_Square_Botto,36288,1512,0.04,477.19,381.75,13.15,10.52,39.97,NULL,NULL,1,"2019-09-04 00:42:51","2019-07-24 09:07:13"
28808,2019-06-25,21822281755,portaldasatualidades.com,21822282049,PortalDasAtualidades_mWEB_Content_Horiontal_F,388964,7125,0.02,320.39,256.32,0.82,0.66,94.04,NULL,NULL,1,"2019-09-04 00:42:54","2019-08-29 16:15:29"
28809,2019-06-25,21822281755,portaldasatualidades.com,21822331989,PortalDasAtualidades_Web_Content_Square_Middl,571591,4495,0.01,2916.75,2333.40,5.10,4.08,26.68,NULL,NULL,1,"2019-09-04 00:42:54","2019-08-29 16:15:29"
28810,2019-06-25,21822281755,portaldasatualidades.com,21822332010,PortalDasAtualidades_Web_Content_Square_Botto,567168,14781,0.03,9456.63,7565.31,16.67,13.34,44.53,NULL,NULL,1,"2019-09-04 00:42:54","2019-08-29 16:15:29"
28984,2019-06-26,21822281755,portaldasatualidades.com,21822282049,PortalDasAtualidades_mWEB_Content_Horiontal_F,124553,1958,0.02,118.89,95.12,0.95,0.76,90.14,NULL,NULL,1,"2019-09-04 00:42:57","2019-08-29 16:15:31"
28985,2019-06-26,21822281755,portaldasatualidades.com,21822331989,PortalDasAtualidades_Web_Content_Square_Middl,170605,2517,0.01,441.52,353.22,2.59,2.07,29.61,NULL,NULL,1,"2019-09-04 00:42:57","2019-08-29 16:15:31"
28986,2019-06-26,21822281755,portaldasatualidades.com,21822332010,PortalDasAtualidades_Web_Content_Square_Botto,174722,6892,0.04,1816.88,1453.50,10.40,8.32,48.68,NULL,NULL,1,"2019-09-04 00:42:57","2019-08-29 16:15:31"
28987,2019-06-26,21822281755,portaldasatualidades.com,21822332760,PortalDasAtualidades_Web_Content_Square_Top,66917,725,0.01,98.09,78.47,1.47,1.17,23.55,NULL,NULL,1,"2019-09-04 00:42:57","2019-08-29 16:15:31"
29187,2019-06-27,21822281755,portaldasatualidades.com,21822282049,PortalDasAtualidades_mWEB_Content_Horiontal_F,73231,1015,0.01,78.96,63.17,1.08,0.86,87.93,NULL,NULL,1,"2019-09-04 00:43:00","2019-08-29 16:15:34"
29188,2019-06-27,21822281755,portaldasatualidades.com,21822331989,PortalDasAtualidades_Web_Content_Square_Middl,99473,1790,0.02,430.98,344.78,4.33,3.47,29.72,NULL,NULL,1,"2019-09-04 00:43:00","2019-08-29 16:15:34"
29189,2019-06-27,21822281755,portaldasatualidades.com,21822332010,PortalDasAtualidades_Web_Content_Square_Botto,104229,4343,0.04,1213.03,970.43,11.64,9.31,44.85,NULL,NULL,1,"2019-09-04 00:43:00","2019-08-29 16:15:34"
29190,2019-06-27,21822281755,portaldasatualidades.com,21822332760,PortalDasAtualidades_Web_Content_Square_Top,18,0,0.00,0.06,0.05,3.33,2.78,27.78,NULL,NULL,1,"2019-09-04 00:43:00","2019-08-29 16:15:34"
29386,2019-06-28,21822281755,portaldasatualidades.com,21822282049,PortalDasAtualidades_mWEB_Content_Horiontal_F,89872,1562,0.02,97.32,77.86,1.08,0.87,90.29,NULL,NULL,1,"2019-09-04 00:43:03","2019-08-29 16:15:36"
29387,2019-06-28,21822281755,portaldasatualidades.com,21822331989,PortalDasAtualidades_Web_Content_Square_Middl,103982,2410,0.02,1029.51,823.61,9.90,7.92,35.50,NULL,NULL,1,"2019-09-04 00:43:03","2019-08-29 16:15:36"
29388,2019-06-28,21822281755,portaldasatualidades.com,21822332010,PortalDasAtualidades_Web_Content_Square_Botto,109683,6002,0.05,1880.61,1504.49,17.15,13.72,50.61,NULL,NULL,1,"2019-09-04 00:43:03","2019-08-29 16:15:36"
29389,2019-06-28,21822281755,portaldasatualidades.com,21822332760,PortalDasAtualidades_Web_Content_Square_Top,8,0,0.00,0.02,0.02,2.50,2.50,12.50,NULL,NULL,1,"2019-09-04 00:43:03","2019-08-29 16:15:36"
29584,2019-06-29,21822281755,portaldasatualidades.com,21822282049,PortalDasAtualidades_mWEB_Content_Horiontal_F,119201,1542,0.01,121.81,97.45,1.02,0.82,81.82,NULL,NULL,1,"2019-09-04 00:43:06","2019-08-29 16:15:39"
29585,2019-06-29,21822281755,portaldasatualidades.com,21822331989,PortalDasAtualidades_Web_Content_Square_Middl,149850,2412,0.02,884.15,707.32,5.90,4.72,31.70,NULL,NULL,1,"2019-09-04 00:43:06","2019-08-29 16:15:39"
29586,2019-06-29,21822281755,portaldasatualidades.com,21822332010,PortalDasAtualidades_Web_Content_Square_Botto,156088,5657,0.04,2005.68,1604.54,12.85,10.28,50.54,NULL,NULL,1,"2019-09-04 00:43:06","2019-08-29 16:15:39"
29587,2019-06-29,21822281755,portaldasatualidades.com,21822332760,PortalDasAtualidades_Web_Content_Square_Top,9,0,0.00,0.01,0.00,1.11,0.00,22.22,NULL,NULL,1,"2019-09-04 00:43:06","2019-08-29 16:15:39"
29781,2019-06-30,21822281755,portaldasatualidades.com,21822282049,PortalDasAtualidades_mWEB_Content_Horiontal_F,214337,4274,0.02,219.29,175.43,1.02,0.82,90.81,NULL,NULL,1,"2019-09-04 00:43:09","2019-08-29 16:25:11"
29782,2019-06-30,21822281755,portaldasatualidades.com,21822331989,PortalDasAtualidades_Web_Content_Square_Middl,452867,5571,0.01,914.90,731.92,2.02,1.62,27.59,NULL,NULL,1,"2019-09-04 00:43:09","2019-08-29 16:25:11"
29783,2019-06-30,21822281755,portaldasatualidades.com,21822332010,PortalDasAtualidades_Web_Content_Square_Botto,469419,17027,0.04,2993.08,2394.46,6.38,5.10,46.17,NULL,NULL,1,"2019-09-04 00:43:09","2019-08-29 16:25:11"
29784,2019-06-30,21822281755,portaldasatualidades.com,21822332760,PortalDasAtualidades_Web_Content_Square_Top,1,0,0.00,0.00,0.00,0.88,0.70,0.00,NULL,NULL,1,"2019-08-30 19:25:46","2019-08-29 16:25:11"
459359,2019-07-01,21822281755,portaldasatualidades.com,21822282049,PortalDasAtualidades_mWEB_Content_Horiontal_F,57369,909,0.02,25.13,20.10,0.44,0.35,87.30,NULL,NULL,1,"2019-09-04 00:43:12","2019-08-29 16:25:14"
459360,2019-07-01,21822281755,portaldasatualidades.com,21822331989,PortalDasAtualidades_Web_Content_Square_Middl,102463,2455,0.02,540.34,432.27,5.27,4.22,32.77,NULL,NULL,1,"2019-09-04 00:43:12","2019-08-29 16:25:14"
459361,2019-07-01,21822281755,portaldasatualidades.com,21822332010,PortalDasAtualidades_Web_Content_Square_Botto,108069,6031,0.06,1228.78,983.02,11.37,9.10,48.19,NULL,NULL,1,"2019-09-04 00:43:12","2019-08-29 16:25:14"
459362,2019-07-01,21822281755,portaldasatualidades.com,21822332760,PortalDasAtualidades_Web_Content_Square_Top,2,0,0.00,0.00,0.00,2.31,1.85,0.00,NULL,NULL,1,"2019-09-03 19:49:48","2019-08-29 16:25:14"
459518,2019-07-02,21822281755,portaldasatualidades.com,21822282049,PortalDasAtualidades_mWEB_Content_Horiontal_F,113253,2197,0.02,57.71,46.17,0.51,0.41,94.39,NULL,NULL,1,"2019-09-04 01:58:53","2019-08-29 16:25:17"
459519,2019-07-02,21822281755,portaldasatualidades.com,21822331989,PortalDasAtualidades_Web_Content_Square_Middl,115519,3005,0.03,664.31,531.45,5.75,4.60,38.30,NULL,NULL,1,"2019-09-04 01:58:53","2019-08-29 16:25:17"
459520,2019-07-02,21822281755,portaldasatualidades.com,21822332010,PortalDasAtualidades_Web_Content_Square_Botto,120575,7645,0.06,1627.00,1301.60,13.49,10.79,52.22,NULL,NULL,1,"2019-09-04 01:58:53","2019-08-29 16:25:18"
459521,2019-07-02,21822281755,portaldasatualidades.com,21822332760,PortalDasAtualidades_Web_Content_Square_Top,6,0,0.00,0.01,0.01,1.67,1.67,33.33,NULL,NULL,1,"2019-09-04 01:58:53","2019-08-29 16:25:18"
459707,2019-07-03,21822281755,portaldasatualidades.com,21822282049,PortalDasAtualidades_mWEB_Content_Horiontal_F,27182,513,0.02,15.53,12.42,0.57,0.46,88.97,NULL,NULL,1,"2019-09-04 01:58:56","2019-08-29 16:25:21"
459708,2019-07-03,21822281755,portaldasatualidades.com,21822331989,PortalDasAtualidades_Web_Content_Square_Middl,33586,437,0.01,70.78,56.62,2.11,1.69,31.62,NULL,NULL,1,"2019-09-04 01:58:56","2019-08-29 16:25:21"
459709,2019-07-03,21822281755,portaldasatualidades.com,21822332010,PortalDasAtualidades_Web_Content_Square_Botto,35700,1304,0.04,243.02,194.42,6.81,5.45,47.31,NULL,NULL,1,"2019-09-04 01:58:56","2019-08-29 16:25:21"
459710,2019-07-03,21822281755,portaldasatualidades.com,21822332760,PortalDasAtualidades_Web_Content_Square_Top,2,0,0.00,0.00,0.00,0.07,0.05,0.00,NULL,NULL,1,"2019-09-03 19:49:48","2019-08-29 16:25:21"
459890,2019-07-04,21822281755,portaldasatualidades.com,21822282049,PortalDasAtualidades_mWEB_Content_Horiontal_F,9159,125,0.01,4.34,3.48,0.47,0.38,86.12,NULL,NULL,1,"2019-09-04 01:59:00","2019-08-29 16:25:25"
459891,2019-07-04,21822281755,portaldasatualidades.com,21822331989,PortalDasAtualidades_Web_Content_Square_Middl,9418,307,0.03,26.56,21.25,2.82,2.26,35.53,NULL,NULL,1,"2019-09-04 01:59:00","2019-08-29 16:25:25"
459892,2019-07-04,21822281755,portaldasatualidades.com,21822332010,PortalDasAtualidades_Web_Content_Square_Botto,7148,274,0.04,31.07,24.86,4.35,3.48,42.54,NULL,NULL,1,"2019-09-04 01:59:00","2019-08-29 16:25:25"
459893,2019-07-04,21822281755,portaldasatualidades.com,21822332760,PortalDasAtualidades_Web_Content_Square_Top,2,0,0.00,0.00,0.00,0.39,0.31,0.00,NULL,NULL,1,"2019-09-03 19:49:48","2019-08-29 16:25:25"
460080,2019-07-05,21822281755,portaldasatualidades.com,21822282049,PortalDasAtualidades_mWEB_Content_Horiontal_F,118198,1447,0.01,63.61,50.89,0.54,0.43,92.00,NULL,NULL,1,"2019-09-04 01:59:04","2019-08-29 16:25:29"
460081,2019-07-05,21822281755,portaldasatualidades.com,21822331989,PortalDasAtualidades_Web_Content_Square_Middl,108421,4571,0.04,686.94,549.55,6.34,5.07,43.34,NULL,NULL,1,"2019-09-04 01:59:04","2019-08-29 16:25:29"
460082,2019-07-05,21822281755,portaldasatualidades.com,21822332010,PortalDasAtualidades_Web_Content_Square_Botto,93796,10173,0.11,1634.08,1307.26,17.42,13.94,57.15,NULL,NULL,1,"2019-09-04 01:59:04","2019-08-29 16:25:29"
460284,2019-07-06,21822281755,portaldasatualidades.com,21822282049,PortalDasAtualidades_mWEB_Content_Horiontal_F,38036,482,0.01,31.94,25.55,0.84,0.67,89.13,NULL,NULL,1,"2019-09-04 01:59:09","2019-08-29 16:25:33"
460285,2019-07-06,21822281755,portaldasatualidades.com,21822331989,PortalDasAtualidades_Web_Content_Square_Middl,39635,1377,0.03,496.54,397.23,12.53,10.02,41.80,NULL,NULL,1,"2019-09-04 01:59:09","2019-08-29 16:25:33"
460286,2019-07-06,21822281755,portaldasatualidades.com,21822332010,PortalDasAtualidades_Web_Content_Square_Botto,36685,3909,0.11,1254.84,1003.88,34.21,27.36,57.25,NULL,NULL,1,"2019-09-04 01:59:09","2019-08-29 16:25:33"
460486,2019-07-07,21822281755,portaldasatualidades.com,21822282049,PortalDasAtualidades_mWEB_Content_Horiontal_F,9181,138,0.02,6.48,5.19,0.71,0.57,84.67,NULL,NULL,1,"2019-09-04 01:59:13","2019-08-29 16:25:37"
460487,2019-07-07,21822281755,portaldasatualidades.com,21822331989,PortalDasAtualidades_Web_Content_Square_Middl,9351,289,0.03,116.57,93.26,12.47,9.97,38.74,NULL,NULL,1,"2019-09-04 01:59:13","2019-08-29 16:25:37"
460488,2019-07-07,21822281755,portaldasatualidades.com,21822332010,PortalDasAtualidades_Web_Content_Square_Botto,10174,757,0.07,308.01,246.40,30.27,24.22,51.34,NULL,NULL,1,"2019-09-04 01:59:13","2019-08-29 16:25:37"
460697,2019-07-08,21822281755,portaldasatualidades.com,21822282049,PortalDasAtualidades_mWEB_Content_Horiontal_F,7592,99,0.01,4.85,3.88,0.64,0.51,83.40,NULL,NULL,1,"2019-09-04 01:59:17","2019-08-29 16:25:41"
460698,2019-07-08,21822281755,portaldasatualidades.com,21822331989,PortalDasAtualidades_Web_Content_Square_Middl,7461,254,0.03,71.15,56.92,9.54,7.63,40.37,NULL,NULL,1,"2019-09-04 01:59:17","2019-08-29 16:25:41"
460699,2019-07-08,21822281755,portaldasatualidades.com,21822332010,PortalDasAtualidades_Web_Content_Square_Botto,8135,562,0.07,198.93,159.14,24.45,19.56,51.40,NULL,NULL,1,"2019-09-04 01:59:17","2019-08-29 16:25:41"
460910,2019-07-09,21822281755,portaldasatualidades.com,21822282049,PortalDasAtualidades_mWEB_Content_Horiontal_F,139501,1889,0.01,97.69,78.15,0.70,0.56,88.28,NULL,NULL,1,"2019-09-04 01:59:21","2019-08-29 16:25:44"
460911,2019-07-09,21822281755,portaldasatualidades.com,21822331989,PortalDasAtualidades_Web_Content_Square_Middl,116824,4675,0.04,1661.56,1329.25,14.22,11.38,43.80,NULL,NULL,1,"2019-09-04 01:59:21","2019-08-29 16:25:44"
460912,2019-07-09,21822281755,portaldasatualidades.com,21822332010,PortalDasAtualidades_Web_Content_Square_Botto,122829,12333,0.10,3853.76,3083.01,31.38,25.10,54.58,NULL,NULL,1,"2019-09-04 01:59:21","2019-08-29 16:25:44"
461137,2019-07-10,21822281755,portaldasatualidades.com,21822282049,PortalDasAtualidades_mWEB_Content_Horiontal_F,21870,248,0.01,18.06,14.45,0.83,0.66,86.28,NULL,NULL,1,"2019-09-04 01:59:26","2019-08-29 16:25:49"
461138,2019-07-10,21822281755,portaldasatualidades.com,21822331989,PortalDasAtualidades_Web_Content_Square_Middl,19327,823,0.04,196.92,157.54,10.19,8.15,43.17,NULL,NULL,1,"2019-09-04 01:59:26","2019-08-29 16:25:49"
461139,2019-07-10,21822281755,portaldasatualidades.com,21822332010,PortalDasAtualidades_Web_Content_Square_Botto,20870,2044,0.10,548.55,438.84,26.28,21.03,53.17,NULL,NULL,1,"2019-09-04 01:59:26","2019-08-29 16:25:49"
461359,2019-07-11,21822281755,portaldasatualidades.com,21822282049,PortalDasAtualidades_mWEB_Content_Horiontal_F,88114,968,0.01,80.03,64.02,0.91,0.73,87.59,NULL,NULL,1,"2019-09-04 01:59:31","2019-08-29 16:25:53"
461360,2019-07-11,21822281755,portaldasatualidades.com,21822331989,PortalDasAtualidades_Web_Content_Square_Middl,76392,3453,0.05,549.19,439.35,7.19,5.75,44.42,NULL,NULL,1,"2019-09-04 01:59:31","2019-08-29 16:25:53"
461361,2019-07-11,21822281755,portaldasatualidades.com,21822332010,PortalDasAtualidades_Web_Content_Square_Botto,81154,8558,0.11,1559.66,1247.73,19.22,15.37,54.85,NULL,NULL,1,"2019-09-04 01:59:31","2019-08-29 16:25:53"
461362,2019-07-11,21822281755,portaldasatualidades.com,21822332760,PortalDasAtualidades_Web_Content_Square_Top,2,0,0.00,0.00,0.00,1.22,0.98,0.00,NULL,NULL,1,"2019-09-03 19:49:48","2019-08-29 16:25:53"
461600,2019-07-12,21822281755,portaldasatualidades.com,21822282049,PortalDasAtualidades_mWEB_Content_Horiontal_F,31052,339,0.01,29.64,23.71,0.95,0.76,87.48,NULL,NULL,1,"2019-09-04 01:59:36","2019-08-29 16:25:58"
461601,2019-07-12,21822281755,portaldasatualidades.com,21822331989,PortalDasAtualidades_Web_Content_Square_Middl,28485,1179,0.04,208.35,166.68,7.31,5.85,42.45,NULL,NULL,1,"2019-09-04 01:59:36","2019-08-29 16:25:58"
461602,2019-07-12,21822281755,portaldasatualidades.com,21822332010,PortalDasAtualidades_Web_Content_Square_Botto,30801,3004,0.10,552.99,442.39,17.95,14.36,54.97,NULL,NULL,1,"2019-09-04 01:59:36","2019-08-29 16:25:58"
461849,2019-07-13,21822281755,portaldasatualidades.com,21822282049,PortalDasAtualidades_mWEB_Content_Horiontal_F,40144,619,0.02,40.24,32.19,1.00,0.80,86.11,NULL,NULL,1,"2019-09-04 01:59:40","2019-08-29 16:26:02"
461850,2019-07-13,21822281755,portaldasatualidades.com,21822331989,PortalDasAtualidades_Web_Content_Square_Middl,33421,1695,0.05,177.00,141.60,5.30,4.24,40.93,NULL,NULL,1,"2019-09-04 01:59:40","2019-08-29 16:26:02"
461851,2019-07-13,21822281755,portaldasatualidades.com,21822332010,PortalDasAtualidades_Web_Content_Square_Botto,35263,2483,0.07,523.12,418.49,14.83,11.87,53.35,NULL,NULL,1,"2019-09-04 01:59:40","2019-08-29 16:26:02"
462082,2019-07-14,21822281755,portaldasatualidades.com,21822282049,PortalDasAtualidades_mWEB_Content_Horiontal_F,76571,1269,0.02,58.34,46.67,0.76,0.61,89.41,NULL,NULL,1,"2019-09-04 01:59:45","2019-08-29 16:26:07"
462083,2019-07-14,21822281755,portaldasatualidades.com,21822331989,PortalDasAtualidades_Web_Content_Square_Middl,70703,2143,0.03,462.32,369.85,6.54,5.23,38.68,NULL,NULL,1,"2019-09-04 01:59:45","2019-08-29 16:26:07"
462084,2019-07-14,21822281755,portaldasatualidades.com,21822332010,PortalDasAtualidades_Web_Content_Square_Botto,75315,6001,0.08,1602.67,1282.13,21.28,17.02,53.84,NULL,NULL,1,"2019-09-04 01:59:45","2019-08-29 16:26:07"
462085,2019-07-14,21822281755,portaldasatualidades.com,21822332760,PortalDasAtualidades_Web_Content_Square_Top,1,0,0.00,0.01,0.01,10.00,10.00,0.00,NULL,NULL,1,"2019-09-04 01:59:45","2019-08-29 16:26:07"
462313,2019-07-15,21822281755,portaldasatualidades.com,21822282049,PortalDasAtualidades_mWEB_Content_Horiontal_F,9756,119,0.01,6.98,5.58,0.72,0.57,84.70,NULL,NULL,1,"2019-09-04 01:59:50","2019-08-29 16:26:11"
462314,2019-07-15,21822281755,portaldasatualidades.com,21822331989,PortalDasAtualidades_Web_Content_Square_Middl,8655,316,0.04,59.40,47.52,6.86,5.49,40.74,NULL,NULL,1,"2019-09-04 01:59:50","2019-08-29 16:26:11"
462315,2019-07-15,21822281755,portaldasatualidades.com,21822332010,PortalDasAtualidades_Web_Content_Square_Botto,9589,727,0.08,166.90,133.52,17.41,13.92,50.75,NULL,NULL,1,"2019-09-04 01:59:50","2019-08-29 16:26:11"
462559,2019-07-16,21822281755,portaldasatualidades.com,21822282049,PortalDasAtualidades_mWEB_Content_Horiontal_F,35485,543,0.02,27.57,22.06,0.78,0.62,90.93,NULL,NULL,1,"2019-09-04 01:59:55","2019-08-29 16:26:16"
462560,2019-07-16,21822281755,portaldasatualidades.com,21822331989,PortalDasAtualidades_Web_Content_Square_Middl,35222,923,0.03,92.44,73.95,2.62,2.10,40.35,NULL,NULL,1,"2019-09-04 01:59:55","2019-08-29 16:26:16"
462561,2019-07-16,21822281755,portaldasatualidades.com,21822332010,PortalDasAtualidades_Web_Content_Square_Botto,48203,2169,0.04,287.48,229.98,5.96,4.77,46.83,NULL,NULL,1,"2019-09-04 01:59:55","2019-08-29 16:26:16"
462801,2019-07-17,21822281755,portaldasatualidades.com,21822282049,PortalDasAtualidades_mWEB_Content_Horiontal_F,44242,865,0.02,46.30,37.04,1.05,0.84,87.85,NULL,NULL,1,"2019-09-04 02:00:00","2019-08-29 16:26:21"
462802,2019-07-17,21822281755,portaldasatualidades.com,21822331989,PortalDasAtualidades_Web_Content_Square_Middl,50338,1754,0.03,180.05,144.04,3.58,2.86,38.12,NULL,NULL,1,"2019-09-04 02:00:00","2019-08-29 16:26:21"
462803,2019-07-17,21822281755,portaldasatualidades.com,21822332010,PortalDasAtualidades_Web_Content_Square_Botto,84727,4385,0.05,525.68,420.54,6.20,4.96,44.84,NULL,NULL,1,"2019-09-04 02:00:00","2019-08-29 16:26:21"
463054,2019-07-18,21822281755,portaldasatualidades.com,21822282049,PortalDasAtualidades_mWEB_Content_Horiontal_F,14882,254,0.02,19.64,15.71,1.32,1.06,85.43,NULL,NULL,1,"2019-09-04 02:00:05","2019-08-29 16:26:26"
463055,2019-07-18,21822281755,portaldasatualidades.com,21822331989,PortalDasAtualidades_Web_Content_Square_Middl,17160,290,0.02,71.96,57.57,4.19,3.35,30.12,NULL,NULL,1,"2019-09-04 02:00:05","2019-08-29 16:26:26"
463056,2019-07-18,21822281755,portaldasatualidades.com,21822332010,PortalDasAtualidades_Web_Content_Square_Botto,26144,1164,0.04,227.30,181.84,8.69,6.96,43.66,NULL,NULL,1,"2019-09-04 02:00:05","2019-08-29 16:26:26"
463310,2019-07-19,21822281755,portaldasatualidades.com,21822282049,PortalDasAtualidades_mWEB_Content_Horiontal_F,27475,374,0.01,38.98,31.18,1.42,1.13,86.08,NULL,NULL,1,"2019-09-04 02:00:10","2019-08-29 16:26:31"
463311,2019-07-19,21822281755,portaldasatualidades.com,21822331989,PortalDasAtualidades_Web_Content_Square_Middl,29864,438,0.01,120.46,96.37,4.03,3.23,29.11,NULL,NULL,1,"2019-09-04 02:00:10","2019-08-29 16:26:32"
463312,2019-07-19,21822281755,portaldasatualidades.com,21822332010,PortalDasAtualidades_Web_Content_Square_Botto,44424,1913,0.04,437.73,350.18,9.85,7.88,44.88,NULL,NULL,1,"2019-09-04 02:00:10","2019-08-29 16:26:32"
463564,2019-07-20,21822281755,portaldasatualidades.com,21822282049,PortalDasAtualidades_mWEB_Content_Horiontal_F,7247,116,0.02,7.83,6.26,1.08,0.86,87.63,NULL,NULL,1,"2019-09-04 02:00:15","2019-08-29 16:26:36"
463565,2019-07-20,21822281755,portaldasatualidades.com,21822331989,PortalDasAtualidades_Web_Content_Square_Middl,7769,112,0.01,37.58,30.07,4.84,3.87,29.15,NULL,NULL,1,"2019-09-04 02:00:15","2019-08-29 16:26:37"
463566,2019-07-20,21822281755,portaldasatualidades.com,21822332010,PortalDasAtualidades_Web_Content_Square_Botto,11665,606,0.05,155.31,124.25,13.31,10.65,45.58,NULL,NULL,1,"2019-09-04 02:00:15","2019-08-29 16:26:37"
463814,2019-07-21,21822281755,portaldasatualidades.com,21822282049,PortalDasAtualidades_mWEB_Content_Horiontal_F,2653,35,0.01,2.55,2.04,0.96,0.77,83.19,NULL,NULL,1,"2019-09-04 02:00:21","2019-08-29 16:26:41"
463815,2019-07-21,21822281755,portaldasatualidades.com,21822331989,PortalDasAtualidades_Web_Content_Square_Middl,2979,45,0.02,13.98,11.18,4.69,3.75,30.30,NULL,NULL,1,"2019-09-04 02:00:21","2019-08-29 16:26:41"
463816,2019-07-21,21822281755,portaldasatualidades.com,21822332010,PortalDasAtualidades_Web_Content_Square_Botto,4717,178,0.04,56.68,45.34,12.02,9.61,40.70,NULL,NULL,1,"2019-09-04 02:00:21","2019-08-29 16:26:41"
464074,2019-07-22,21822281755,portaldasatualidades.com,21822282049,PortalDasAtualidades_mWEB_Content_Horiontal_F,2831,20,0.01,3.18,2.54,1.12,0.90,84.63,NULL,NULL,1,"2019-09-04 02:00:26","2019-08-29 16:26:46"
464075,2019-07-22,21822281755,portaldasatualidades.com,21822331989,PortalDasAtualidades_Web_Content_Square_Middl,2993,38,0.01,13.58,10.86,4.54,3.63,31.27,NULL,NULL,1,"2019-09-04 02:00:26","2019-08-29 16:26:46"
464076,2019-07-22,21822281755,portaldasatualidades.com,21822332010,PortalDasAtualidades_Web_Content_Square_Botto,4847,193,0.04,57.64,46.11,11.89,9.51,43.90,NULL,NULL,1,"2019-09-04 02:00:26","2019-08-29 16:26:46"
464353,2019-07-23,21822281755,portaldasatualidades.com,21822282049,PortalDasAtualidades_mWEB_Content_Horiontal_F,3038,20,0.01,2.98,2.39,0.98,0.79,82.21,NULL,NULL,1,"2019-09-04 02:00:32","2019-08-29 16:26:52"
464354,2019-07-23,21822281755,portaldasatualidades.com,21822331989,PortalDasAtualidades_Web_Content_Square_Middl,3270,42,0.01,14.30,11.44,4.37,3.50,31.22,NULL,NULL,1,"2019-09-04 02:00:32","2019-08-29 16:26:52"
464355,2019-07-23,21822281755,portaldasatualidades.com,21822332010,PortalDasAtualidades_Web_Content_Square_Botto,5211,205,0.04,54.11,43.29,10.38,8.31,43.90,NULL,NULL,1,"2019-09-04 02:00:32","2019-08-29 16:26:52"
464356,2019-07-23,21822281755,portaldasatualidades.com,21822332760,PortalDasAtualidades_Web_Content_Square_Top,1,0,0.00,0.00,0.00,1.50,1.20,0.00,NULL,NULL,1,"2019-09-03 19:49:48","2019-08-29 16:26:52"
464618,2019-07-24,21822281755,portaldasatualidades.com,21822282049,PortalDasAtualidades_mWEB_Content_Horiontal_F,24900,227,0.01,24.75,19.80,0.99,0.80,91.20,NULL,NULL,1,"2019-09-04 02:00:37","2019-08-29 16:26:57"
464619,2019-07-24,21822281755,portaldasatualidades.com,21822331989,PortalDasAtualidades_Web_Content_Square_Middl,29014,402,0.01,75.30,60.24,2.60,2.08,28.50,NULL,NULL,1,"2019-09-04 02:00:37","2019-08-29 16:26:57"
464620,2019-07-24,21822281755,portaldasatualidades.com,21822332010,PortalDasAtualidades_Web_Content_Square_Botto,42850,2165,0.05,348.32,278.66,8.13,6.50,45.11,NULL,NULL,1,"2019-09-04 02:00:37","2019-08-29 16:26:57"
464621,2019-07-24,21822281755,portaldasatualidades.com,21822332760,PortalDasAtualidades_Web_Content_Square_Top,1,0,0.00,0.00,0.00,0.31,0.25,0.00,NULL,NULL,1,"2019-09-03 19:49:48","2019-08-29 16:26:57"
464886,2019-07-25,21822281755,portaldasatualidades.com,21822282049,PortalDasAtualidades_mWEB_Content_Horiontal_F,29966,334,0.01,30.48,24.38,1.02,0.81,88.70,NULL,NULL,1,"2019-09-04 02:00:43","2019-08-29 16:33:34"
464887,2019-07-25,21822281755,portaldasatualidades.com,21822331989,PortalDasAtualidades_Web_Content_Square_Middl,41262,727,0.02,107.82,86.26,2.61,2.09,28.32,NULL,NULL,1,"2019-09-04 02:00:43","2019-08-29 16:33:34"
464888,2019-07-25,21822281755,portaldasatualidades.com,21822332010,PortalDasAtualidades_Web_Content_Square_Botto,61476,3127,0.05,561.45,449.16,9.13,7.31,44.28,NULL,NULL,1,"2019-09-04 02:00:43","2019-08-29 16:33:34"
464889,2019-07-25,21822281755,portaldasatualidades.com,21822332760,PortalDasAtualidades_Web_Content_Square_Top,2,1,0.50,0.03,0.02,15.00,10.00,100.00,NULL,NULL,1,"2019-09-04 02:00:43","2019-08-29 16:33:34"
465161,2019-07-26,21822281755,portaldasatualidades.com,21822282049,PortalDasAtualidades_mWEB_Content_Horiontal_F,29375,314,0.01,31.31,25.04,1.07,0.85,85.35,NULL,NULL,1,"2019-09-04 02:00:48","2019-08-29 16:33:40"
465162,2019-07-26,21822281755,portaldasatualidades.com,21822331989,PortalDasAtualidades_Web_Content_Square_Middl,34947,535,0.02,96.59,77.27,2.76,2.21,26.03,NULL,NULL,1,"2019-09-04 02:00:48","2019-08-29 16:33:40"
465163,2019-07-26,21822281755,portaldasatualidades.com,21822332010,PortalDasAtualidades_Web_Content_Square_Botto,50930,2787,0.05,544.54,435.63,10.69,8.55,44.54,NULL,NULL,1,"2019-09-04 02:00:48","2019-08-29 16:33:40"
465432,2019-07-27,21822281755,portaldasatualidades.com,21822282049,PortalDasAtualidades_mWEB_Content_Horiontal_F,42646,456,0.01,48.32,38.66,1.13,0.91,85.19,NULL,NULL,1,"2019-09-04 12:01:18","2019-08-29 16:33:45"
465433,2019-07-27,21822281755,portaldasatualidades.com,21822331989,PortalDasAtualidades_Web_Content_Square_Middl,49738,888,0.02,124.58,99.66,2.50,2.00,26.55,NULL,NULL,1,"2019-09-04 12:01:18","2019-08-29 16:33:45"
465434,2019-07-27,21822281755,portaldasatualidades.com,21822332010,PortalDasAtualidades_Web_Content_Square_Botto,72826,3808,0.05,589.96,471.96,8.10,6.48,45.28,NULL,NULL,1,"2019-09-04 12:01:18","2019-08-29 16:33:46"
465700,2019-07-28,21822281755,portaldasatualidades.com,21822282049,PortalDasAtualidades_mWEB_Content_Horiontal_F,41990,358,0.01,34.02,27.22,0.81,0.65,93.14,NULL,NULL,1,"2019-09-04 12:01:21","2019-08-29 16:33:52"
465701,2019-07-28,21822281755,portaldasatualidades.com,21822331989,PortalDasAtualidades_Web_Content_Square_Middl,47950,718,0.01,120.94,96.76,2.52,2.02,29.84,NULL,NULL,1,"2019-09-04 12:01:21","2019-08-29 16:33:52"
465702,2019-07-28,21822281755,portaldasatualidades.com,21822332010,PortalDasAtualidades_Web_Content_Square_Botto,70746,3472,0.05,542.50,434.00,7.67,6.13,47.00,NULL,NULL,1,"2019-09-04 12:01:21","2019-08-29 16:33:52"
465703,2019-07-28,21822281755,portaldasatualidades.com,21822332760,PortalDasAtualidades_Web_Content_Square_Top,1,0,0.00,0.00,0.00,2.87,2.30,100.00,NULL,NULL,1,"2019-09-03 19:49:48","2019-08-29 16:33:52"
465953,2019-07-29,21822281755,portaldasatualidades.com,21822282049,PortalDasAtualidades_mWEB_Content_Horiontal_F,162148,2052,0.01,170.92,136.74,1.05,0.84,92.96,NULL,NULL,1,"2019-09-04 12:01:24","2019-08-29 16:33:58"
465954,2019-07-29,21822281755,portaldasatualidades.com,21822331989,PortalDasAtualidades_Web_Content_Square_Middl,188892,5006,0.03,650.06,520.06,3.44,2.75,36.38,NULL,NULL,1,"2019-09-04 12:01:24","2019-08-29 16:33:58"
465955,2019-07-29,21822281755,portaldasatualidades.com,21822332010,PortalDasAtualidades_Web_Content_Square_Botto,241664,13880,0.06,2470.02,1976.02,10.22,8.18,46.77,NULL,NULL,1,"2019-09-04 12:01:24","2019-08-29 16:33:58"
466221,2019-07-30,21822281755,portaldasatualidades.com,21822282049,PortalDasAtualidades_mWEB_Content_Horiontal_F,114070,1466,0.01,129.18,103.34,1.13,0.91,90.34,NULL,NULL,1,"2019-09-04 12:01:27","2019-08-29 16:34:04"
466222,2019-07-30,21822281755,portaldasatualidades.com,21822331989,PortalDasAtualidades_Web_Content_Square_Middl,135266,4656,0.03,924.76,739.80,6.84,5.47,40.23,NULL,NULL,1,"2019-09-04 12:01:27","2019-08-29 16:34:04"
466223,2019-07-30,21822281755,portaldasatualidades.com,21822332010,PortalDasAtualidades_Web_Content_Square_Botto,156782,10208,0.07,2236.88,1789.50,14.27,11.41,45.96,NULL,NULL,1,"2019-09-04 12:01:27","2019-08-29 16:34:04"
466534,2019-07-31,21822281755,portaldasatualidades.com,21822282049,PortalDasAtualidades_mWEB_Content_Horiontal_F,31143,462,0.01,34.90,27.92,1.12,0.90,89.37,NULL,NULL,1,"2019-09-04 12:05:03","2019-08-29 16:34:11"
466535,2019-07-31,21822281755,portaldasatualidades.com,21822331989,PortalDasAtualidades_Web_Content_Square_Middl,35951,1345,0.04,336.74,269.39,9.37,7.49,38.99,NULL,NULL,1,"2019-09-04 12:05:03","2019-08-29 16:34:11"
466536,2019-07-31,21822281755,portaldasatualidades.com,21822332010,PortalDasAtualidades_Web_Content_Square_Botto,41525,2857,0.07,718.47,574.78,17.30,13.84,45.45,NULL,NULL,1,"2019-09-04 12:05:03","2019-08-29 16:34:11"
468970,2019-09-03,21822281755,portaldasatualidades.com,0,N/A,113,2,0.02,0.87,0.69,7.70,6.11,20.54,NULL,NULL,0,"2019-09-05 17:00:48",NULL
468971,2019-09-03,21822281755,portaldasatualidades.com,21843004660,Portaldasatualidades_MOBILE_Horizontal_Fixed_,19885,544,0.03,21.39,17.11,1.08,0.86,88.89,NULL,NULL,0,"2019-09-05 17:00:49",NULL
468972,2019-09-03,21822281755,portaldasatualidades.com,21843004663,Portaldasatualidades_MOBILE_Square_Content1_P,29585,2286,0.08,761.99,609.60,25.76,20.61,51.15,NULL,NULL,0,"2019-09-05 17:00:49",NULL
468973,2019-09-03,21822281755,portaldasatualidades.com,21843004669,Portaldasatualidades_MOBILE_Square_Content2_P,25725,1096,0.04,296.44,237.15,11.52,9.22,40.85,NULL,NULL,0,"2019-09-05 17:00:49",NULL
468974,2019-09-03,21822281755,portaldasatualidades.com,21843128208,Portaldasatualidades_WEB_Square_Content1_Post,401,20,0.05,10.89,8.71,27.16,21.72,56.86,NULL,NULL,0,"2019-09-05 17:00:49",NULL
468975,2019-09-03,21822281755,portaldasatualidades.com,21843128226,Portaldasatualidades_WEB_Square_Content2_Post,459,8,0.02,1.22,0.98,2.66,2.14,26.36,NULL,NULL,0,"2019-09-05 17:00:49",NULL
469195,2019-09-04,21822281755,portaldasatualidades.com,21843004660,Portaldasatualidades_MOBILE_Horizontal_Fixed_,23007,546,0.02,23.79,19.03,1.03,0.83,92.02,NULL,NULL,0,"2019-09-06 15:01:18",NULL
469196,2019-09-04,21822281755,portaldasatualidades.com,21843004663,Portaldasatualidades_MOBILE_Square_Content1_P,38398,2569,0.07,924.27,739.42,24.07,19.26,49.80,NULL,NULL,0,"2019-09-06 15:01:18",NULL
469197,2019-09-04,21822281755,portaldasatualidades.com,21843004669,Portaldasatualidades_MOBILE_Square_Content2_P,33686,1224,0.04,334.74,267.79,9.94,7.95,38.47,NULL,NULL,0,"2019-09-06 15:01:18",NULL
469198,2019-09-04,21822281755,portaldasatualidades.com,21843128226,Portaldasatualidades_WEB_Square_Content2_Post,448,8,0.02,0.99,0.79,2.21,1.76,25.22,NULL,NULL,0,"2019-09-06 15:01:18",NULL
469320,2019-09-04,21822281755,portaldasatualidades.com,21843128208,Portaldasatualidades_WEB_Square_Content1_Post,384,9,0.02,6.32,5.06,16.46,13.18,49.61,NULL,NULL,0,"2019-09-06 15:01:18",NULL
469321,2019-09-04,21822281755,portaldasatualidades.com,21843128208,Portaldasatualidades_WEB_Square_Content1_Post,4,0,0.00,0.16,0.13,40.00,32.50,50.00,NULL,NULL,0,"2019-09-04 06:01:20",NULL
469390,2019-09-04,21822281755,portaldasatualidades.com,0,N/A,95,0,0.00,0.68,0.54,7.16,5.68,20.00,NULL,NULL,0,"2019-09-06 15:01:18",NULL
469391,2019-09-04,21822281755,portaldasatualidades.com,0,N/A,2,0,0.00,0.02,0.02,10.00,10.00,0.00,NULL,NULL,0,"2019-09-04 11:01:21",NULL
476014,2019-08-01,21822281755,portaldasatualidades.com,21822282049,PortalDasAtualidades_mWEB_Content_Horiontal_F,25784,167,0.01,6.09,4.87,0.24,0.19,94.53,NULL,NULL,1,"2019-09-27 14:25:17",NULL
476015,2019-08-01,21822281755,portaldasatualidades.com,21822332010,PortalDasAtualidades_Web_Content_Square_Botto,8101,475,0.06,131.15,104.92,16.19,12.95,43.51,NULL,NULL,1,"2019-09-27 14:25:17",NULL
476016,2019-08-01,21822281755,portaldasatualidades.com,21822331989,PortalDasAtualidades_Web_Content_Square_Middl,7084,262,0.04,65.94,52.75,9.31,7.45,39.98,NULL,NULL,1,"2019-09-27 14:25:17",NULL
476262,2019-08-02,21822281755,portaldasatualidades.com,21822282049,PortalDasAtualidades_mWEB_Content_Horiontal_F,29144,150,0.01,6.85,5.48,0.24,0.19,93.74,NULL,NULL,1,"2019-09-27 14:25:17",NULL
476263,2019-08-02,21822281755,portaldasatualidades.com,21822332010,PortalDasAtualidades_Web_Content_Square_Botto,5517,386,0.07,57.48,45.99,10.42,8.34,48.74,NULL,NULL,1,"2019-09-27 14:25:17",NULL
476264,2019-08-02,21822281755,portaldasatualidades.com,21822331989,PortalDasAtualidades_Web_Content_Square_Middl,5016,238,0.05,25.66,20.53,5.12,4.09,42.69,NULL,NULL,1,"2019-09-27 14:25:17",NULL
476499,2019-08-03,21822281755,portaldasatualidades.com,21822282049,PortalDasAtualidades_mWEB_Content_Horiontal_F,3083,45,0.01,2.12,1.69,0.69,0.55,87.28,NULL,NULL,1,"2019-09-27 14:25:17",NULL
476500,2019-08-03,21822281755,portaldasatualidades.com,21822332010,PortalDasAtualidades_Web_Content_Square_Botto,3976,250,0.06,79.63,63.70,20.03,16.02,47.47,NULL,NULL,1,"2019-09-27 14:25:17",NULL
476501,2019-08-03,21822281755,portaldasatualidades.com,21822331989,PortalDasAtualidades_Web_Content_Square_Middl,3623,128,0.04,37.23,29.79,10.28,8.22,41.40,NULL,NULL,1,"2019-09-27 14:25:17",NULL
476731,2019-08-04,21822281755,portaldasatualidades.com,21822282049,PortalDasAtualidades_mWEB_Content_Horiontal_F,2742,70,0.03,1.96,1.57,0.71,0.57,87.39,NULL,NULL,1,"2019-09-27 14:25:17",NULL
476732,2019-08-04,21822281755,portaldasatualidades.com,21822332010,PortalDasAtualidades_Web_Content_Square_Botto,3642,231,0.06,59.60,47.68,16.36,13.09,50.52,NULL,NULL,1,"2019-09-27 14:25:17",NULL
476733,2019-08-04,21822281755,portaldasatualidades.com,21822331989,PortalDasAtualidades_Web_Content_Square_Middl,3347,149,0.04,23.89,19.11,7.14,5.71,43.44,NULL,NULL,1,"2019-09-27 14:25:17",NULL
476975,2019-08-05,21822281755,portaldasatualidades.com,21822282049,PortalDasAtualidades_mWEB_Content_Horiontal_F,2757,41,0.01,2.20,1.76,0.80,0.64,87.50,NULL,NULL,1,"2019-09-27 14:25:17",NULL
476976,2019-08-05,21822281755,portaldasatualidades.com,21822332010,PortalDasAtualidades_Web_Content_Square_Botto,3734,261,0.07,58.34,46.67,15.62,12.50,49.34,NULL,NULL,1,"2019-09-27 14:25:17",NULL
476977,2019-08-05,21822281755,portaldasatualidades.com,21822331989,PortalDasAtualidades_Web_Content_Square_Middl,3401,145,0.04,24.85,19.88,7.31,5.85,44.29,NULL,NULL,1,"2019-09-27 14:25:17",NULL
477230,2019-08-06,21822281755,portaldasatualidades.com,21822282049,PortalDasAtualidades_mWEB_Content_Horiontal_F,8037,214,0.03,8.33,6.67,1.04,0.83,91.88,NULL,NULL,1,"2019-09-27 14:25:17",NULL
477231,2019-08-06,21822281755,portaldasatualidades.com,21822332010,PortalDasAtualidades_Web_Content_Square_Botto,10352,708,0.07,151.35,121.08,14.62,11.70,50.56,NULL,NULL,1,"2019-09-27 14:25:17",NULL
477232,2019-08-06,21822281755,portaldasatualidades.com,21822331989,PortalDasAtualidades_Web_Content_Square_Middl,9367,370,0.04,65.14,52.11,6.95,5.56,40.91,NULL,NULL,1,"2019-09-27 14:25:17",NULL
477519,2019-08-07,21822281755,portaldasatualidades.com,21822282049,PortalDasAtualidades_mWEB_Content_Horiontal_F,15033,219,0.01,14.99,11.99,1.00,0.80,89.63,NULL,NULL,1,"2019-09-27 14:25:17",NULL
477520,2019-08-07,21822281755,portaldasatualidades.com,21822332010,PortalDasAtualidades_Web_Content_Square_Botto,20081,1472,0.07,324.67,259.74,16.17,12.93,51.33,NULL,NULL,1,"2019-09-27 14:25:17",NULL
477521,2019-08-07,21822281755,portaldasatualidades.com,21822331989,PortalDasAtualidades_Web_Content_Square_Middl,18288,686,0.04,142.94,114.35,7.82,6.25,38.23,NULL,NULL,1,"2019-09-27 14:25:17",NULL
477801,2019-08-08,21822281755,portaldasatualidades.com,21822282049,PortalDasAtualidades_mWEB_Content_Horiontal_F,3022,52,0.02,2.81,2.25,0.93,0.74,86.66,NULL,NULL,1,"2019-09-27 14:25:17",NULL
477802,2019-08-08,21822281755,portaldasatualidades.com,21822332010,PortalDasAtualidades_Web_Content_Square_Botto,4061,254,0.06,92.32,73.85,22.73,18.19,47.76,NULL,NULL,1,"2019-09-27 14:25:17",NULL
477803,2019-08-08,21822281755,portaldasatualidades.com,21822331989,PortalDasAtualidades_Web_Content_Square_Middl,3725,163,0.04,42.96,34.36,11.53,9.22,42.56,NULL,NULL,1,"2019-09-27 14:25:17",NULL
478078,2019-08-09,21822281755,portaldasatualidades.com,21822282049,PortalDasAtualidades_mWEB_Content_Horiontal_F,1904,24,0.01,1.89,1.51,0.99,0.79,83.77,NULL,NULL,1,"2019-09-27 14:25:17",NULL
478079,2019-08-09,21822281755,portaldasatualidades.com,21822332010,PortalDasAtualidades_Web_Content_Square_Botto,2475,148,0.06,52.66,42.13,21.28,17.02,44.38,NULL,NULL,1,"2019-09-27 14:25:17",NULL
478080,2019-08-09,21822281755,portaldasatualidades.com,21822331989,PortalDasAtualidades_Web_Content_Square_Middl,2188,94,0.04,26.22,20.98,11.98,9.59,39.16,NULL,NULL,1,"2019-09-27 14:25:17",NULL
478348,2019-08-10,21822281755,portaldasatualidades.com,21822282049,PortalDasAtualidades_mWEB_Content_Horiontal_F,1201,12,0.01,1.11,0.89,0.92,0.74,80.13,NULL,NULL,1,"2019-09-27 14:25:17",NULL
478349,2019-08-10,21822281755,portaldasatualidades.com,21822332010,PortalDasAtualidades_Web_Content_Square_Botto,1687,81,0.05,35.95,28.76,21.31,17.05,41.58,NULL,NULL,1,"2019-09-27 14:25:17",NULL
478350,2019-08-10,21822281755,portaldasatualidades.com,21822331989,PortalDasAtualidades_Web_Content_Square_Middl,1392,46,0.03,13.41,10.72,9.63,7.70,39.22,NULL,NULL,1,"2019-09-27 14:25:17",NULL
478615,2019-08-11,21822281755,portaldasatualidades.com,21822282049,PortalDasAtualidades_mWEB_Content_Horiontal_F,1072,11,0.01,0.87,0.70,0.81,0.65,80.19,NULL,NULL,1,"2019-09-27 14:25:17",NULL
478616,2019-08-11,21822281755,portaldasatualidades.com,21822332010,PortalDasAtualidades_Web_Content_Square_Botto,1409,99,0.07,31.49,25.19,22.35,17.88,43.36,NULL,NULL,1,"2019-09-27 14:25:17",NULL
478617,2019-08-11,21822281755,portaldasatualidades.com,21822331989,PortalDasAtualidades_Web_Content_Square_Middl,1191,47,0.04,12.70,10.16,10.66,8.53,35.97,NULL,NULL,1,"2019-09-27 14:25:17",NULL
478923,2019-08-12,21822281755,portaldasatualidades.com,21822282049,PortalDasAtualidades_mWEB_Content_Horiontal_F,25951,310,0.01,25.60,20.48,0.99,0.79,84.44,NULL,NULL,1,"2019-09-27 14:25:17",NULL
478924,2019-08-12,21822281755,portaldasatualidades.com,21822332010,PortalDasAtualidades_Web_Content_Square_Botto,33839,1997,0.06,626.27,501.02,18.51,14.81,49.66,NULL,NULL,1,"2019-09-27 14:25:17",NULL
478925,2019-08-12,21822281755,portaldasatualidades.com,21822331989,PortalDasAtualidades_Web_Content_Square_Middl,29536,845,0.03,277.15,221.72,9.38,7.51,39.67,NULL,NULL,1,"2019-09-27 14:25:17",NULL
479260,2019-08-13,21822281755,portaldasatualidades.com,21822282049,PortalDasAtualidades_mWEB_Content_Horiontal_F,4859,69,0.01,4.83,3.87,0.99,0.80,87.73,NULL,NULL,1,"2019-09-27 14:25:17",NULL
479261,2019-08-13,21822281755,portaldasatualidades.com,21822332010,PortalDasAtualidades_Web_Content_Square_Botto,6779,453,0.07,125.93,100.74,18.58,14.86,47.79,NULL,NULL,1,"2019-09-27 14:25:17",NULL
479262,2019-08-13,21822281755,portaldasatualidades.com,21822331989,PortalDasAtualidades_Web_Content_Square_Middl,5828,203,0.03,51.15,40.92,8.78,7.02,41.72,NULL,NULL,1,"2019-09-27 14:25:17",NULL
479594,2019-08-14,21822281755,portaldasatualidades.com,21822282049,PortalDasAtualidades_mWEB_Content_Horiontal_F,33409,499,0.01,34.59,27.68,1.04,0.83,91.41,NULL,NULL,1,"2019-09-27 14:25:17",NULL
479595,2019-08-14,21822281755,portaldasatualidades.com,21822332010,PortalDasAtualidades_Web_Content_Square_Botto,43103,3266,0.08,792.25,633.80,18.38,14.70,52.48,NULL,NULL,1,"2019-09-27 14:25:17",NULL
479596,2019-08-14,21822281755,portaldasatualidades.com,21822331989,PortalDasAtualidades_Web_Content_Square_Middl,37843,1052,0.03,233.91,187.13,6.18,4.94,37.89,NULL,NULL,1,"2019-09-27 14:25:17",NULL
479948,2019-08-15,21822281755,portaldasatualidades.com,0,N/A,510,4,0.01,3.32,2.65,6.51,5.20,36.29,NULL,NULL,1,"2019-09-27 14:25:17",NULL
479949,2019-08-15,21822281755,portaldasatualidades.com,21840225123,Portaldasatualidades_MOBILE_Horizontal_Fixed_,15737,244,0.02,14.85,11.88,0.94,0.75,87.17,NULL,NULL,1,"2019-09-27 14:25:17",NULL
479950,2019-08-15,21822281755,portaldasatualidades.com,21840080267,Portaldasatualidades_MOBILE_Square_Content1_P,15160,1185,0.08,161.92,129.54,10.68,8.54,50.17,NULL,NULL,1,"2019-09-27 14:25:17",NULL
479951,2019-08-15,21822281755,portaldasatualidades.com,21840225126,Portaldasatualidades_MOBILE_Square_Content2_P,13056,394,0.03,73.69,58.95,5.64,4.52,38.90,NULL,NULL,1,"2019-09-27 14:25:17",NULL
479952,2019-08-15,21822281755,portaldasatualidades.com,21840080270,Portaldasatualidades_MOBILE_Square_Content3_P,9195,215,0.02,38.00,30.40,4.13,3.31,41.17,NULL,NULL,1,"2019-09-27 14:25:17",NULL
479953,2019-08-15,21822281755,portaldasatualidades.com,21822282049,PortalDasAtualidades_mWEB_Content_Horiontal_F,1112,11,0.01,1.00,0.80,0.90,0.72,89.83,NULL,NULL,1,"2019-09-27 14:25:17",NULL
479954,2019-08-15,21822281755,portaldasatualidades.com,21822332010,PortalDasAtualidades_Web_Content_Square_Botto,1643,111,0.07,42.00,33.60,25.56,20.45,51.78,NULL,NULL,1,"2019-09-27 14:25:17",NULL
479955,2019-08-15,21822281755,portaldasatualidades.com,21822331989,PortalDasAtualidades_Web_Content_Square_Middl,1463,48,0.03,16.55,13.24,11.31,9.05,40.25,NULL,NULL,1,"2019-09-27 14:25:17",NULL
479956,2019-08-15,21822281755,portaldasatualidades.com,21840080252,Portaldasatualidades_WEB_Square_Content1_Post,296,21,0.07,5.38,4.31,18.18,14.56,59.39,NULL,NULL,1,"2019-09-27 14:25:17",NULL
479957,2019-08-15,21822281755,portaldasatualidades.com,21840225111,Portaldasatualidades_WEB_Square_Content2_Post,269,7,0.03,2.69,2.15,10.00,7.99,47.76,NULL,NULL,1,"2019-09-27 14:25:17",NULL
479958,2019-08-15,21822281755,portaldasatualidades.com,21840225117,Portaldasatualidades_WEB_Square_Content3_Post,208,10,0.05,1.24,0.99,5.96,4.76,52.17,NULL,NULL,1,"2019-09-27 14:25:17",NULL
480300,2019-08-16,21822281755,portaldasatualidades.com,0,N/A,236,5,0.02,1.45,1.16,6.14,4.92,16.53,NULL,NULL,1,"2019-09-27 14:25:17",NULL
480301,2019-08-16,21822281755,portaldasatualidades.com,21840225123,Portaldasatualidades_MOBILE_Horizontal_Fixed_,15593,201,0.01,17.75,14.20,1.14,0.91,80.89,NULL,NULL,1,"2019-09-27 14:25:17",NULL
480302,2019-08-16,21822281755,portaldasatualidades.com,21840080267,Portaldasatualidades_MOBILE_Square_Content1_P,15471,867,0.06,187.64,150.11,12.13,9.70,45.72,NULL,NULL,1,"2019-09-27 14:25:17",NULL
480303,2019-08-16,21822281755,portaldasatualidades.com,21840225126,Portaldasatualidades_MOBILE_Square_Content2_P,13237,299,0.02,74.61,59.69,5.64,4.51,36.87,NULL,NULL,1,"2019-09-27 14:25:17",NULL
480304,2019-08-16,21822281755,portaldasatualidades.com,21840080270,Portaldasatualidades_MOBILE_Square_Content3_P,9540,181,0.02,38.76,31.01,4.06,3.25,39.15,NULL,NULL,1,"2019-09-27 14:25:17",NULL
480305,2019-08-16,21822281755,portaldasatualidades.com,21840080252,Portaldasatualidades_WEB_Square_Content1_Post,225,21,0.09,4.49,3.59,19.96,15.96,61.33,NULL,NULL,1,"2019-09-27 14:25:17",NULL
480306,2019-08-16,21822281755,portaldasatualidades.com,21840225111,Portaldasatualidades_WEB_Square_Content2_Post,206,3,0.01,2.21,1.77,10.73,8.59,43.69,NULL,NULL,1,"2019-09-27 14:25:17",NULL
480307,2019-08-16,21822281755,portaldasatualidades.com,21840225117,Portaldasatualidades_WEB_Square_Content3_Post,159,5,0.03,1.18,0.94,7.42,5.91,52.20,NULL,NULL,1,"2019-09-27 14:25:17",NULL
480652,2019-08-17,21822281755,portaldasatualidades.com,0,N/A,135,2,0.01,1.22,0.97,9.04,7.19,20.74,NULL,NULL,1,"2019-09-27 14:25:17",NULL
480653,2019-08-17,21822281755,portaldasatualidades.com,21840225123,Portaldasatualidades_MOBILE_Horizontal_Fixed_,7062,115,0.02,7.84,6.27,1.11,0.89,82.55,NULL,NULL,1,"2019-09-27 14:25:17",NULL
480654,2019-08-17,21822281755,portaldasatualidades.com,21840080267,Portaldasatualidades_MOBILE_Square_Content1_P,7903,485,0.06,101.46,81.16,12.84,10.27,43.93,NULL,NULL,1,"2019-09-27 14:25:17",NULL
480655,2019-08-17,21822281755,portaldasatualidades.com,21840225126,Portaldasatualidades_MOBILE_Square_Content2_P,6699,183,0.03,41.82,33.46,6.24,4.99,35.38,NULL,NULL,1,"2019-09-27 14:25:17",NULL
480656,2019-08-17,21822281755,portaldasatualidades.com,21840080270,Portaldasatualidades_MOBILE_Square_Content3_P,4730,100,0.02,21.30,17.04,4.50,3.60,36.45,NULL,NULL,1,"2019-09-27 14:25:17",NULL
480657,2019-08-17,21822281755,portaldasatualidades.com,21840080252,Portaldasatualidades_WEB_Square_Content1_Post,128,6,0.05,2.82,2.26,22.03,17.66,58.59,NULL,NULL,1,"2019-09-27 14:25:17",NULL
480658,2019-08-17,21822281755,portaldasatualidades.com,21840225111,Portaldasatualidades_WEB_Square_Content2_Post,110,1,0.01,1.34,1.07,12.18,9.73,36.36,NULL,NULL,1,"2019-09-27 14:25:17",NULL
480659,2019-08-17,21822281755,portaldasatualidades.com,21840225117,Portaldasatualidades_WEB_Square_Content3_Post,74,2,0.03,0.51,0.41,6.89,5.54,66.22,NULL,NULL,1,"2019-09-27 14:25:17",NULL
480983,2019-08-18,21822281755,portaldasatualidades.com,0,N/A,145,0,0.00,1.12,0.90,7.72,6.21,51.03,NULL,NULL,1,"2019-09-27 14:25:17",NULL
480984,2019-08-18,21822281755,portaldasatualidades.com,21840225123,Portaldasatualidades_MOBILE_Horizontal_Fixed_,3262,59,0.02,3.64,2.91,1.12,0.89,82.69,NULL,NULL,1,"2019-09-27 14:25:17",NULL
480985,2019-08-18,21822281755,portaldasatualidades.com,21840080267,Portaldasatualidades_MOBILE_Square_Content1_P,3674,224,0.06,48.74,38.99,13.27,10.61,42.41,NULL,NULL,1,"2019-09-27 14:25:17",NULL
480986,2019-08-18,21822281755,portaldasatualidades.com,21840225126,Portaldasatualidades_MOBILE_Square_Content2_P,3098,77,0.02,20.23,16.19,6.53,5.23,35.04,NULL,NULL,1,"2019-09-27 14:25:17",NULL
480987,2019-08-18,21822281755,portaldasatualidades.com,21840080270,Portaldasatualidades_MOBILE_Square_Content3_P,2149,57,0.03,9.88,7.91,4.60,3.68,38.12,NULL,NULL,1,"2019-09-27 14:25:17",NULL
480988,2019-08-18,21822281755,portaldasatualidades.com,21840080252,Portaldasatualidades_WEB_Square_Content1_Post,37,3,0.08,0.77,0.61,20.81,16.49,72.97,NULL,NULL,1,"2019-09-27 14:25:17",NULL
480989,2019-08-18,21822281755,portaldasatualidades.com,21840225111,Portaldasatualidades_WEB_Square_Content2_Post,36,2,0.06,0.29,0.23,8.06,6.39,36.11,NULL,NULL,1,"2019-09-27 14:25:17",NULL
480990,2019-08-18,21822281755,portaldasatualidades.com,21840225117,Portaldasatualidades_WEB_Square_Content3_Post,20,1,0.05,0.08,0.06,4.00,3.00,60.00,NULL,NULL,1,"2019-09-27 14:25:17",NULL
481337,2019-08-19,21822281755,portaldasatualidades.com,0,N/A,157,1,0.01,1.28,1.03,8.15,6.56,18.59,NULL,NULL,1,"2019-09-27 14:25:17",NULL
481338,2019-08-19,21822281755,portaldasatualidades.com,21840225123,Portaldasatualidades_MOBILE_Horizontal_Fixed_,18216,301,0.02,17.28,13.82,0.95,0.76,85.22,NULL,NULL,1,"2019-09-27 14:25:17",NULL
481339,2019-08-19,21822281755,portaldasatualidades.com,21840080267,Portaldasatualidades_MOBILE_Square_Content1_P,15229,1016,0.07,191.81,153.45,12.60,10.08,52.47,NULL,NULL,1,"2019-09-27 14:25:17",NULL
481340,2019-08-19,21822281755,portaldasatualidades.com,21840225126,Portaldasatualidades_MOBILE_Square_Content2_P,13471,368,0.03,80.08,64.06,5.94,4.76,41.65,NULL,NULL,1,"2019-09-27 14:25:17",NULL
481341,2019-08-19,21822281755,portaldasatualidades.com,21840080270,Portaldasatualidades_MOBILE_Square_Content3_P,10045,225,0.02,44.61,35.69,4.44,3.55,42.52,NULL,NULL,1,"2019-09-27 14:25:17",NULL
481342,2019-08-19,21822281755,portaldasatualidades.com,21840080252,Portaldasatualidades_WEB_Square_Content1_Post,197,10,0.05,3.44,2.76,17.46,14.01,65.82,NULL,NULL,1,"2019-09-27 14:25:17",NULL
481343,2019-08-19,21822281755,portaldasatualidades.com,21840225111,Portaldasatualidades_WEB_Square_Content2_Post,176,3,0.02,1.54,1.23,8.75,6.99,49.71,NULL,NULL,1,"2019-09-27 14:25:17",NULL
481344,2019-08-19,21822281755,portaldasatualidades.com,21840225117,Portaldasatualidades_WEB_Square_Content3_Post,127,1,0.01,0.68,0.54,5.35,4.25,70.87,NULL,NULL,1,"2019-09-27 14:25:17",NULL
481673,2019-08-20,21822281755,portaldasatualidades.com,0,N/A,302,9,0.03,3.39,2.71,11.23,8.97,37.75,NULL,NULL,1,"2019-09-27 14:25:17",NULL
481674,2019-08-20,21822281755,portaldasatualidades.com,21840225123,Portaldasatualidades_MOBILE_Horizontal_Fixed_,45097,699,0.02,55.53,44.43,1.23,0.99,85.89,NULL,NULL,1,"2019-09-27 14:25:17",NULL
481675,2019-08-20,21822281755,portaldasatualidades.com,21840080267,Portaldasatualidades_MOBILE_Square_Content1_P,45506,3424,0.08,1014.83,811.87,22.30,17.84,51.94,NULL,NULL,1,"2019-09-27 14:25:17",NULL
481676,2019-08-20,21822281755,portaldasatualidades.com,21840225126,Portaldasatualidades_MOBILE_Square_Content2_P,39970,1387,0.03,440.97,352.78,11.03,8.83,42.93,NULL,NULL,1,"2019-09-27 14:25:17",NULL
481677,2019-08-20,21822281755,portaldasatualidades.com,21840080270,Portaldasatualidades_MOBILE_Square_Content3_P,10471,237,0.02,69.07,55.26,6.60,5.28,42.33,NULL,NULL,1,"2019-09-27 14:25:17",NULL
481678,2019-08-20,21822281755,portaldasatualidades.com,21840080252,Portaldasatualidades_WEB_Square_Content1_Post,958,49,0.05,24.97,19.98,26.06,20.86,63.85,NULL,NULL,1,"2019-09-27 14:25:17",NULL
481679,2019-08-20,21822281755,portaldasatualidades.com,21840225111,Portaldasatualidades_WEB_Square_Content2_Post,880,34,0.04,12.18,9.75,13.84,11.08,56.77,NULL,NULL,1,"2019-09-27 14:25:17",NULL
481680,2019-08-20,21822281755,portaldasatualidades.com,21840225117,Portaldasatualidades_WEB_Square_Content3_Post,286,2,0.01,2.26,1.81,7.90,6.33,63.64,NULL,NULL,1,"2019-09-27 14:25:17",NULL
482021,2019-08-21,21822281755,portaldasatualidades.com,0,N/A,120,0,0.00,0.94,0.75,7.83,6.25,17.65,NULL,NULL,1,"2019-09-27 14:25:17",NULL
482022,2019-08-21,21822281755,portaldasatualidades.com,21840225123,Portaldasatualidades_MOBILE_Horizontal_Fixed_,20615,320,0.02,24.99,19.99,1.21,0.97,87.23,NULL,NULL,1,"2019-09-27 14:25:17",NULL
482023,2019-08-21,21822281755,portaldasatualidades.com,21840080267,Portaldasatualidades_MOBILE_Square_Content1_P,23819,1854,0.08,497.92,398.34,20.90,16.72,48.92,NULL,NULL,1,"2019-09-27 14:25:17",NULL
482024,2019-08-21,21822281755,portaldasatualidades.com,21840225126,Portaldasatualidades_MOBILE_Square_Content2_P,20543,778,0.04,196.71,157.37,9.58,7.66,40.90,NULL,NULL,1,"2019-09-27 14:25:17",NULL
482025,2019-08-21,21822281755,portaldasatualidades.com,21840080270,Portaldasatualidades_MOBILE_Square_Content3_P,19,0,0.00,0.04,0.03,2.11,1.58,26.32,NULL,NULL,1,"2019-09-27 14:25:17",NULL
482026,2019-08-21,21822281755,portaldasatualidades.com,21840080252,Portaldasatualidades_WEB_Square_Content1_Post,520,14,0.03,13.28,10.62,25.54,20.42,55.21,NULL,NULL,1,"2019-09-27 14:25:17",NULL
482027,2019-08-21,21822281755,portaldasatualidades.com,21840225111,Portaldasatualidades_WEB_Square_Content2_Post,469,13,0.03,5.99,4.79,12.77,10.21,53.94,NULL,NULL,1,"2019-09-27 14:25:17",NULL
482397,2019-08-22,21822281755,portaldasatualidades.com,0,N/A,81,1,0.01,0.70,0.56,8.64,6.91,25.93,NULL,NULL,1,"2019-09-27 14:25:17",NULL
482398,2019-08-22,21822281755,portaldasatualidades.com,21840225123,Portaldasatualidades_MOBILE_Horizontal_Fixed_,5831,72,0.01,6.50,5.20,1.11,0.89,87.65,NULL,NULL,1,"2019-09-27 14:25:17",NULL
482399,2019-08-22,21822281755,portaldasatualidades.com,21840080267,Portaldasatualidades_MOBILE_Square_Content1_P,6774,500,0.07,142.74,114.19,21.07,16.86,47.54,NULL,NULL,1,"2019-09-27 14:25:17",NULL
482400,2019-08-22,21822281755,portaldasatualidades.com,21840225126,Portaldasatualidades_MOBILE_Square_Content2_P,5854,247,0.04,55.25,44.20,9.44,7.55,41.72,NULL,NULL,1,"2019-09-27 14:25:17",NULL
482401,2019-08-22,21822281755,portaldasatualidades.com,21840080270,Portaldasatualidades_MOBILE_Square_Content3_P,10,0,0.00,0.02,0.02,2.00,2.00,20.00,NULL,NULL,1,"2019-09-27 14:25:17",NULL
482402,2019-08-22,21822281755,portaldasatualidades.com,21840080252,Portaldasatualidades_WEB_Square_Content1_Post,152,10,0.07,2.93,2.34,19.28,15.39,59.21,NULL,NULL,1,"2019-09-27 14:25:17",NULL
482403,2019-08-22,21822281755,portaldasatualidades.com,21840225111,Portaldasatualidades_WEB_Square_Content2_Post,140,4,0.03,1.17,0.94,8.36,6.71,47.14,NULL,NULL,1,"2019-09-27 14:25:17",NULL
482769,2019-08-23,21822281755,portaldasatualidades.com,0,N/A,106,0,0.00,0.67,0.54,6.32,5.09,22.64,NULL,NULL,1,"2019-09-27 14:25:17",NULL
482770,2019-08-23,21822281755,portaldasatualidades.com,21840225123,Portaldasatualidades_MOBILE_Horizontal_Fixed_,17588,219,0.01,17.88,14.31,1.02,0.81,89.07,NULL,NULL,1,"2019-09-27 14:25:17",NULL
482771,2019-08-23,21822281755,portaldasatualidades.com,21840080267,Portaldasatualidades_MOBILE_Square_Content1_P,17536,1404,0.08,449.30,359.44,25.62,20.50,52.42,NULL,NULL,1,"2019-09-27 14:25:17",NULL
482772,2019-08-23,21822281755,portaldasatualidades.com,21840225126,Portaldasatualidades_MOBILE_Square_Content2_P,15484,569,0.04,160.69,128.55,10.38,8.30,43.93,NULL,NULL,1,"2019-09-27 14:25:17",NULL
482773,2019-08-23,21822281755,portaldasatualidades.com,21840080270,Portaldasatualidades_MOBILE_Square_Content3_P,8,0,0.00,0.02,0.02,2.50,2.50,25.00,NULL,NULL,1,"2019-09-27 14:25:17",NULL
482774,2019-08-23,21822281755,portaldasatualidades.com,21840080252,Portaldasatualidades_WEB_Square_Content1_Post,310,7,0.02,8.32,6.66,26.84,21.48,62.90,NULL,NULL,1,"2019-09-27 14:25:17",NULL
482775,2019-08-23,21822281755,portaldasatualidades.com,21840225111,Portaldasatualidades_WEB_Square_Content2_Post,283,11,0.04,3.84,3.07,13.57,10.85,51.94,NULL,NULL,1,"2019-09-27 14:25:17",NULL
483150,2019-08-24,21822281755,portaldasatualidades.com,0,N/A,89,0,0.00,0.55,0.44,6.18,4.94,30.34,NULL,NULL,1,"2019-09-27 14:25:17",NULL
483151,2019-08-24,21822281755,portaldasatualidades.com,21840225123,Portaldasatualidades_MOBILE_Horizontal_Fixed_,3202,41,0.01,3.09,2.47,0.97,0.77,83.84,NULL,NULL,1,"2019-09-27 14:25:17",NULL
483152,2019-08-24,21822281755,portaldasatualidades.com,21840080267,Portaldasatualidades_MOBILE_Square_Content1_P,3717,246,0.07,79.14,63.31,21.29,17.03,44.91,NULL,NULL,1,"2019-09-27 14:25:17",NULL
483153,2019-08-24,21822281755,portaldasatualidades.com,21840225126,Portaldasatualidades_MOBILE_Square_Content2_P,3137,123,0.04,31.24,24.99,9.96,7.97,38.55,NULL,NULL,1,"2019-09-27 14:25:17",NULL
483154,2019-08-24,21822281755,portaldasatualidades.com,21840080270,Portaldasatualidades_MOBILE_Square_Content3_P,4,0,0.00,0.02,0.01,5.00,2.50,50.00,NULL,NULL,1,"2019-09-27 14:25:17",NULL
483155,2019-08-24,21822281755,portaldasatualidades.com,21840080252,Portaldasatualidades_WEB_Square_Content1_Post,20,4,0.20,0.50,0.40,25.00,20.00,95.00,NULL,NULL,1,"2019-09-27 14:25:17",NULL
483156,2019-08-24,21822281755,portaldasatualidades.com,21840225111,Portaldasatualidades_WEB_Square_Content2_Post,20,4,0.20,0.24,0.19,12.00,9.50,75.00,NULL,NULL,1,"2019-09-27 14:25:17",NULL
483498,2019-08-25,21822281755,portaldasatualidades.com,0,N/A,245,0,0.00,1.84,1.47,7.51,6.00,24.49,NULL,NULL,1,"2019-09-27 14:25:17",NULL
483499,2019-08-25,21822281755,portaldasatualidades.com,21840225123,Portaldasatualidades_MOBILE_Horizontal_Fixed_,87,0,0.00,0.07,0.05,0.80,0.57,88.51,NULL,NULL,1,"2019-09-27 14:25:17",NULL
483500,2019-08-25,21822281755,portaldasatualidades.com,21843004660,Portaldasatualidades_MOBILE_Horizontal_Fixed_,1776,21,0.01,1.70,1.36,0.96,0.77,86.34,NULL,NULL,1,"2019-09-27 14:25:17",NULL
483501,2019-08-25,21822281755,portaldasatualidades.com,21840080267,Portaldasatualidades_MOBILE_Square_Content1_P,79,3,0.04,1.15,0.92,14.56,11.65,40.51,NULL,NULL,1,"2019-09-27 14:25:17",NULL
483502,2019-08-25,21822281755,portaldasatualidades.com,21843004663,Portaldasatualidades_MOBILE_Square_Content1_P,1907,116,0.06,15.26,12.21,8.00,6.40,44.17,NULL,NULL,1,"2019-09-27 14:25:17",NULL
483503,2019-08-25,21822281755,portaldasatualidades.com,21840225126,Portaldasatualidades_MOBILE_Square_Content2_P,60,2,0.03,0.60,0.48,10.00,8.00,45.00,NULL,NULL,1,"2019-09-27 14:25:17",NULL
483504,2019-08-25,21822281755,portaldasatualidades.com,21843004669,Portaldasatualidades_MOBILE_Square_Content2_P,1632,41,0.03,6.68,5.35,4.09,3.28,40.01,NULL,NULL,1,"2019-09-27 14:25:17",NULL
483505,2019-08-25,21822281755,portaldasatualidades.com,21840080252,Portaldasatualidades_WEB_Square_Content1_Post,3,0,0.00,0.11,0.09,36.67,30.00,66.67,NULL,NULL,1,"2019-09-27 14:25:17",NULL
483506,2019-08-25,21822281755,portaldasatualidades.com,21843128208,Portaldasatualidades_WEB_Square_Content1_Post,23,2,0.09,0.14,0.11,6.09,4.78,30.43,NULL,NULL,1,"2019-09-27 14:25:17",NULL
483507,2019-08-25,21822281755,portaldasatualidades.com,21840225111,Portaldasatualidades_WEB_Square_Content2_Post,4,0,0.00,0.04,0.03,10.00,7.50,100.00,NULL,NULL,1,"2019-09-27 14:25:17",NULL
483508,2019-08-25,21822281755,portaldasatualidades.com,21843128226,Portaldasatualidades_WEB_Square_Content2_Post,13,1,0.08,0.05,0.04,3.85,3.08,30.77,NULL,NULL,1,"2019-09-27 14:25:17",NULL
483856,2019-08-26,21822281755,portaldasatualidades.com,0,N/A,308,0,0.00,2.09,1.67,6.79,5.42,25.41,NULL,NULL,1,"2019-09-27 14:25:17",NULL
483857,2019-08-26,21822281755,portaldasatualidades.com,21843004660,Portaldasatualidades_MOBILE_Horizontal_Fixed_,2728,41,0.02,2.66,2.13,0.98,0.78,88.70,NULL,NULL,1,"2019-09-27 14:25:17",NULL
483858,2019-08-26,21822281755,portaldasatualidades.com,21843004663,Portaldasatualidades_MOBILE_Square_Content1_P,3099,148,0.05,24.99,20.00,8.06,6.45,41.80,NULL,NULL,1,"2019-09-27 14:25:17",NULL
483859,2019-08-26,21822281755,portaldasatualidades.com,21843004669,Portaldasatualidades_MOBILE_Square_Content2_P,2626,62,0.02,10.21,8.17,3.89,3.11,38.31,NULL,NULL,1,"2019-09-27 14:25:17",NULL
483860,2019-08-26,21822281755,portaldasatualidades.com,21843128208,Portaldasatualidades_WEB_Square_Content1_Post,23,0,0.00,0.23,0.19,10.00,8.26,43.48,NULL,NULL,1,"2019-09-27 14:25:17",NULL
483861,2019-08-26,21822281755,portaldasatualidades.com,21843128226,Portaldasatualidades_WEB_Square_Content2_Post,19,0,0.00,0.12,0.09,6.32,4.74,31.58,NULL,NULL,1,"2019-09-27 14:25:17",NULL
484234,2019-08-27,21822281755,portaldasatualidades.com,0,N/A,219,0,0.00,1.73,1.38,7.90,6.30,22.94,NULL,NULL,1,"2019-09-27 14:25:17",NULL
484235,2019-08-27,21822281755,portaldasatualidades.com,21843004660,Portaldasatualidades_MOBILE_Horizontal_Fixed_,2687,44,0.02,2.60,2.08,0.97,0.77,86.07,NULL,NULL,1,"2019-09-27 14:25:17",NULL
484236,2019-08-27,21822281755,portaldasatualidades.com,21843004663,Portaldasatualidades_MOBILE_Square_Content1_P,2950,173,0.06,24.75,19.80,8.39,6.71,37.93,NULL,NULL,1,"2019-09-27 14:25:17",NULL
484237,2019-08-27,21822281755,portaldasatualidades.com,21843004669,Portaldasatualidades_MOBILE_Square_Content2_P,2491,52,0.02,10.25,8.20,4.11,3.29,35.13,NULL,NULL,1,"2019-09-27 14:25:17",NULL
484238,2019-08-27,21822281755,portaldasatualidades.com,21843128208,Portaldasatualidades_WEB_Square_Content1_Post,60,1,0.02,0.23,0.18,3.83,3.00,28.33,NULL,NULL,1,"2019-09-27 14:25:17",NULL
484239,2019-08-27,21822281755,portaldasatualidades.com,21843128226,Portaldasatualidades_WEB_Square_Content2_Post,43,0,0.00,0.12,0.10,2.79,2.33,25.58,NULL,NULL,1,"2019-09-27 14:25:17",NULL
484588,2019-08-28,21822281755,portaldasatualidades.com,0,N/A,110,0,0.00,0.77,0.61,7.00,5.55,8.18,NULL,NULL,1,"2019-09-27 14:25:17",NULL
484589,2019-08-28,21822281755,portaldasatualidades.com,21843004660,Portaldasatualidades_MOBILE_Horizontal_Fixed_,2412,14,0.01,2.39,1.91,0.99,0.79,85.17,NULL,NULL,1,"2019-09-27 14:25:17",NULL
484590,2019-08-28,21822281755,portaldasatualidades.com,21843004663,Portaldasatualidades_MOBILE_Square_Content1_P,2455,132,0.05,22.67,18.13,9.23,7.38,42.44,NULL,NULL,1,"2019-09-27 14:25:17",NULL
484591,2019-08-28,21822281755,portaldasatualidades.com,21843004669,Portaldasatualidades_MOBILE_Square_Content2_P,2102,39,0.02,9.65,7.72,4.59,3.67,37.38,NULL,NULL,1,"2019-09-27 14:25:17",NULL
484592,2019-08-28,21822281755,portaldasatualidades.com,21843128208,Portaldasatualidades_WEB_Square_Content1_Post,23,1,0.04,0.11,0.08,4.78,3.48,26.09,NULL,NULL,1,"2019-09-27 14:25:17",NULL
484593,2019-08-28,21822281755,portaldasatualidades.com,21843128226,Portaldasatualidades_WEB_Square_Content2_Post,15,0,0.00,0.06,0.05,4.00,3.33,26.67,NULL,NULL,1,"2019-09-27 14:25:17",NULL
484954,2019-08-29,21822281755,portaldasatualidades.com,0,N/A,111,0,0.00,0.85,0.68,7.66,6.13,7.27,NULL,NULL,1,"2019-09-27 14:25:17",NULL
484955,2019-08-29,21822281755,portaldasatualidades.com,21843004660,Portaldasatualidades_MOBILE_Horizontal_Fixed_,1206,11,0.01,1.27,1.01,1.05,0.84,86.87,NULL,NULL,1,"2019-09-27 14:25:17",NULL
484956,2019-08-29,21822281755,portaldasatualidades.com,21843004663,Portaldasatualidades_MOBILE_Square_Content1_P,1548,83,0.05,14.72,11.78,9.51,7.61,40.85,NULL,NULL,1,"2019-09-27 14:25:17",NULL
484957,2019-08-29,21822281755,portaldasatualidades.com,21843004669,Portaldasatualidades_MOBILE_Square_Content2_P,1321,38,0.03,5.99,4.79,4.53,3.63,35.68,NULL,NULL,1,"2019-09-27 14:25:17",NULL
484958,2019-08-29,21822281755,portaldasatualidades.com,21843128208,Portaldasatualidades_WEB_Square_Content1_Post,30,1,0.03,0.26,0.21,8.67,7.00,43.33,NULL,NULL,1,"2019-09-27 14:25:17",NULL
484959,2019-08-29,21822281755,portaldasatualidades.com,21843128226,Portaldasatualidades_WEB_Square_Content2_Post,34,0,0.00,0.21,0.17,6.18,5.00,41.18,NULL,NULL,1,"2019-09-27 14:25:17",NULL
485301,2019-08-30,21822281755,portaldasatualidades.com,0,N/A,139,0,0.00,0.66,0.52,4.75,3.74,23.74,NULL,NULL,1,"2019-09-27 14:25:17",NULL
485302,2019-08-30,21822281755,portaldasatualidades.com,21843004660,Portaldasatualidades_MOBILE_Horizontal_Fixed_,926,15,0.02,0.85,0.68,0.92,0.73,80.54,NULL,NULL,1,"2019-09-27 14:25:17",NULL
485303,2019-08-30,21822281755,portaldasatualidades.com,21843004663,Portaldasatualidades_MOBILE_Square_Content1_P,1277,75,0.06,22.51,18.01,17.63,14.10,43.70,NULL,NULL,1,"2019-09-27 14:25:17",NULL
485304,2019-08-30,21822281755,portaldasatualidades.com,21843004669,Portaldasatualidades_MOBILE_Square_Content2_P,1008,38,0.04,5.85,4.68,5.80,4.64,37.54,NULL,NULL,1,"2019-09-27 14:25:17",NULL
485305,2019-08-30,21822281755,portaldasatualidades.com,21843128208,Portaldasatualidades_WEB_Square_Content1_Post,4,0,0.00,0.03,0.02,7.50,5.00,50.00,NULL,NULL,1,"2019-09-27 14:25:17",NULL
485306,2019-08-30,21822281755,portaldasatualidades.com,21843128226,Portaldasatualidades_WEB_Square_Content2_Post,45,5,0.11,0.29,0.23,6.44,5.11,48.84,NULL,NULL,1,"2019-09-27 14:25:17",NULL
485642,2019-08-31,21822281755,portaldasatualidades.com,0,N/A,67,0,0.00,0.90,0.72,13.43,10.75,33.85,NULL,NULL,1,"2019-09-27 14:25:17",NULL
485643,2019-08-31,21822281755,portaldasatualidades.com,21843004660,Portaldasatualidades_MOBILE_Horizontal_Fixed_,542,10,0.02,0.51,0.41,0.94,0.76,80.04,NULL,NULL,1,"2019-09-27 14:25:17",NULL
485644,2019-08-31,21822281755,portaldasatualidades.com,21843004663,Portaldasatualidades_MOBILE_Square_Content1_P,730,42,0.06,23.17,18.54,31.74,25.40,47.81,NULL,NULL,1,"2019-09-27 14:25:17",NULL
485645,2019-08-31,21822281755,portaldasatualidades.com,21843004669,Portaldasatualidades_MOBILE_Square_Content2_P,597,22,0.04,6.84,5.47,11.46,9.16,39.20,NULL,NULL,1,"2019-09-27 14:25:17",NULL
485646,2019-08-31,21822281755,portaldasatualidades.com,21843128208,Portaldasatualidades_WEB_Square_Content1_Post,5,1,0.20,0.10,0.08,20.00,16.00,20.00,NULL,NULL,1,"2019-09-27 14:25:17",NULL
485647,2019-08-31,21822281755,portaldasatualidades.com,21843128226,Portaldasatualidades_WEB_Square_Content2_Post,37,1,0.03,0.41,0.33,11.08,8.92,44.44,NULL,NULL,1,"2019-09-27 14:25:17",NULL
485958,2019-09-01,21822281755,portaldasatualidades.com,0,N/A,53,0,0.00,0.56,0.45,10.57,8.49,32.08,NULL,NULL,0,"2019-09-04 13:40:55",NULL
485959,2019-09-01,21822281755,portaldasatualidades.com,21843004660,Portaldasatualidades_MOBILE_Horizontal_Fixed_,555,4,0.01,0.34,0.27,0.61,0.49,83.06,NULL,NULL,0,"2019-09-04 13:40:55",NULL
485960,2019-09-01,21822281755,portaldasatualidades.com,21843004663,Portaldasatualidades_MOBILE_Square_Content1_P,848,49,0.06,23.16,18.53,27.31,21.85,46.93,NULL,NULL,0,"2019-09-04 13:40:55",NULL
485961,2019-09-01,21822281755,portaldasatualidades.com,21843004669,Portaldasatualidades_MOBILE_Square_Content2_P,714,24,0.03,6.43,5.14,9.01,7.20,37.96,NULL,NULL,0,"2019-09-04 13:40:55",NULL
485962,2019-09-01,21822281755,portaldasatualidades.com,21843128208,Portaldasatualidades_WEB_Square_Content1_Post,3,0,0.00,0.01,0.01,3.33,3.33,66.67,NULL,NULL,0,"2019-09-04 13:40:55",NULL
485963,2019-09-01,21822281755,portaldasatualidades.com,21843128226,Portaldasatualidades_WEB_Square_Content2_Post,42,1,0.02,0.30,0.24,7.14,5.71,42.86,NULL,NULL,0,"2019-09-04 13:40:55",NULL
486293,2019-09-02,21822281755,portaldasatualidades.com,0,N/A,61,1,0.02,0.64,0.51,10.49,8.36,14.75,NULL,NULL,0,"2019-09-04 15:00:43",NULL
486294,2019-09-02,21822281755,portaldasatualidades.com,21843004660,Portaldasatualidades_MOBILE_Horizontal_Fixed_,694,13,0.02,0.61,0.49,0.88,0.71,83.94,NULL,NULL,0,"2019-09-04 15:00:43",NULL
486295,2019-09-02,21822281755,portaldasatualidades.com,21843004663,Portaldasatualidades_MOBILE_Square_Content1_P,1013,67,0.07,24.88,19.91,24.56,19.65,43.34,NULL,NULL,0,"2019-09-04 15:00:43",NULL
486296,2019-09-02,21822281755,portaldasatualidades.com,21843004669,Portaldasatualidades_MOBILE_Square_Content2_P,832,37,0.04,7.21,5.77,8.67,6.94,34.25,NULL,NULL,0,"2019-09-04 15:00:43",NULL
486297,2019-09-02,21822281755,portaldasatualidades.com,21843128226,Portaldasatualidades_WEB_Square_Content2_Post,45,1,0.02,0.36,0.29,8.00,6.44,26.67,NULL,NULL,0,"2019-09-04 15:00:43",NULL
486677,2019-09-05,21822281755,portaldasatualidades.com,21843004660,Portaldasatualidades_MOBILE_Horizontal_Fixed_,56511,1406,0.02,73.76,59.01,1.31,1.04,91.15,NULL,NULL,0,"2019-09-06 15:01:26",NULL
486678,2019-09-05,21822281755,portaldasatualidades.com,21843004663,Portaldasatualidades_MOBILE_Square_Content1_P,87833,5277,0.06,1872.79,1498.23,21.32,17.06,49.98,NULL,NULL,0,"2019-09-06 15:01:26",NULL
486679,2019-09-05,21822281755,portaldasatualidades.com,21843004669,Portaldasatualidades_MOBILE_Square_Content2_P,76695,2309,0.03,753.34,602.67,9.82,7.86,37.76,NULL,NULL,0,"2019-09-06 15:01:26",NULL
486785,2019-09-05,21822281755,portaldasatualidades.com,21843128208,Portaldasatualidades_WEB_Square_Content1_Post,796,28,0.04,11.63,9.30,14.61,11.68,54.47,NULL,NULL,0,"2019-09-06 15:01:26",NULL
486786,2019-09-05,21822281755,portaldasatualidades.com,21843128208,Portaldasatualidades_WEB_Square_Content1_Post,1,0,0.00,0.02,0.02,20.00,20.00,100.00,NULL,NULL,0,"2019-09-05 05:01:30",NULL
486787,2019-09-05,21822281755,portaldasatualidades.com,21843128226,Portaldasatualidades_WEB_Square_Content2_Post,1006,13,0.01,2.68,2.14,2.66,2.13,25.35,NULL,NULL,0,"2019-09-06 15:01:26",NULL
486788,2019-09-05,21822281755,portaldasatualidades.com,21843128226,Portaldasatualidades_WEB_Square_Content2_Post,5,0,0.00,0.01,0.01,2.00,2.00,20.00,NULL,NULL,0,"2019-09-05 05:01:30",NULL
486936,2019-09-05,21822281755,portaldasatualidades.com,0,N/A,162,1,0.01,1.01,0.81,6.23,5.00,51.23,NULL,NULL,0,"2019-09-06 15:01:26",NULL
486937,2019-09-05,21822281755,portaldasatualidades.com,0,N/A,2,0,0.00,0.03,0.02,15.00,10.00,0.00,NULL,NULL,0,"2019-09-05 11:01:28",NULL
487186,2019-09-06,21822281755,portaldasatualidades.com,21843004660,Portaldasatualidades_MOBILE_Horizontal_Fixed_,3261,83,0.03,4.86,3.89,1.49,1.19,87.22,NULL,NULL,0,"2019-09-08 20:01:20",NULL
487187,2019-09-06,21822281755,portaldasatualidades.com,21843004663,Portaldasatualidades_MOBILE_Square_Content1_P,5605,328,0.06,128.36,102.69,22.90,18.32,50.31,NULL,NULL,0,"2019-09-08 20:01:20",NULL
487188,2019-09-06,21822281755,portaldasatualidades.com,21843004669,Portaldasatualidades_MOBILE_Square_Content2_P,4868,169,0.03,55.21,44.17,11.34,9.07,38.36,NULL,NULL,0,"2019-09-08 20:01:20",NULL
487189,2019-09-06,21822281755,portaldasatualidades.com,21843128226,Portaldasatualidades_WEB_Square_Content2_Post,79,3,0.04,0.25,0.20,3.16,2.53,30.38,NULL,NULL,0,"2019-09-08 20:01:20",NULL
487295,2019-09-06,21822281755,portaldasatualidades.com,0,N/A,8,0,0.00,0.09,0.07,11.25,8.75,37.50,NULL,NULL,0,"2019-09-08 20:01:20",NULL
487296,2019-09-06,21822281755,portaldasatualidades.com,0,N/A,2,0,0.00,0.08,0.06,40.00,30.00,0.00,NULL,NULL,0,"2019-09-06 05:01:29",NULL
487297,2019-09-06,21822281755,portaldasatualidades.com,21843128208,Portaldasatualidades_WEB_Square_Content1_Post,63,0,0.00,0.69,0.56,10.95,8.89,49.21,NULL,NULL,0,"2019-09-08 20:01:20",NULL
487298,2019-09-06,21822281755,portaldasatualidades.com,21843128208,Portaldasatualidades_WEB_Square_Content1_Post,43,0,0.00,0.40,0.32,9.30,7.44,46.51,NULL,NULL,0,"2019-09-06 05:01:29",NULL
491722,2019-09-18,21822281755,portaldasatualidades.com,0,N/A,1,0,0.00,0.00,0.00,0.34,0.28,0.00,NULL,NULL,0,"2019-09-18 15:00:48","2019-09-18 12:00:48"
